source_id,target_id,source_name,target_name,type,timepoints_present,first_appearance,last_appearance,timepoint_list
0,32,ADAL,ASHL,electrical,7,1,8,"[np.int64(1), np.int64(2), np.int64(3), np.int64(4), np.int64(5), np.int64(6), np.int64(8)]"
0,42,ADAL,AVAL,chemical,7,1,8,"[np.int64(1), np.int64(3), np.int64(4), np.int64(5), np.int64(6), np.int64(7), np.int64(8)]"
0,44,ADAL,AVBL,chemical,8,1,8,"[np.int64(1), np.int64(2), np.int64(3), np.int64(4), np.int64(5), np.int64(6), np.int64(7), np.int64(8)]"
0,47,ADAL,AVDR,electrical,7,1,8,"[np.int64(1), np.int64(2), np.int64(3), np.int64(4), np.int64(5), np.int64(7), np.int64(8)]"
0,55,ADAL,AVJR,chemical,8,1,8,"[np.int64(1), np.int64(2), np.int64(3), np.int64(4), np.int64(5), np.int64(6), np.int64(7), np.int64(8)]"
0,166,ADAL,RIML,chemical,8,1,8,"[np.int64(1), np.int64(2), np.int64(3), np.int64(4), np.int64(5), np.int64(6), np.int64(7), np.int64(8)]"
1,33,ADAR,ASHR,electrical,8,1,8,"[np.int64(1), np.int64(2), np.int64(3), np.int64(4), np.int64(5), np.int64(6), np.int64(7), np.int64(8)]"
1,42,ADAR,AVAL,chemical,7,1,8,"[np.int64(1), np.int64(2), np.int64(3), np.int64(5), np.int64(6), np.int64(7), np.int64(8)]"
1,44,ADAR,AVBL,chemical,8,1,8,"[np.int64(1), np.int64(2), np.int64(3), np.int64(4), np.int64(5), np.int64(6), np.int64(7), np.int64(8)]"
1,45,ADAR,AVBR,chemical,8,1,8,"[np.int64(1), np.int64(2), np.int64(3), np.int64(4), np.int64(5), np.int64(6), np.int64(7), np.int64(8)]"
1,167,ADAR,RIMR,chemical,8,1,8,"[np.int64(1), np.int64(2), np.int64(3), np.int64(4), np.int64(5), np.int64(6), np.int64(7), np.int64(8)]"
2,43,ADEL,AVAR,chemical,8,1,8,"[np.int64(1), np.int64(2), np.int64(3), np.int64(4), np.int64(5), np.int64(6), np.int64(7), np.int64(8)]"
4,5,ADFL,ADFR,electrical,8,1,8,"[np.int64(1), np.int64(2), np.int64(3), np.int64(4), np.int64(5), np.int64(6), np.int64(7), np.int64(8)]"
4,20,ADFL,AIZL,chemical,8,1,8,"[np.int64(1), np.int64(2), np.int64(3), np.int64(4), np.int64(5), np.int64(6), np.int64(7), np.int64(8)]"
4,40,ADFL,AUAL,chemical,7,1,7,"[np.int64(1), np.int64(2), np.int64(3), np.int64(4), np.int64(5), np.int64(6), np.int64(7)]"
4,154,ADFL,RIAL,chemical,8,1,8,"[np.int64(1), np.int64(2), np.int64(3), np.int64(4), np.int64(5), np.int64(6), np.int64(7), np.int64(8)]"
5,11,ADFR,AIAR,electrical,8,1,8,"[np.int64(1), np.int64(2), np.int64(3), np.int64(4), np.int64(5), np.int64(6), np.int64(7), np.int64(8)]"
5,21,ADFR,AIZR,chemical,8,1,8,"[np.int64(1), np.int64(2), np.int64(3), np.int64(4), np.int64(5), np.int64(6), np.int64(7), np.int64(8)]"
5,41,ADFR,AUAR,chemical,7,1,8,"[np.int64(1), np.int64(2), np.int64(4), np.int64(5), np.int64(6), np.int64(7), np.int64(8)]"
5,155,ADFR,RIAR,chemical,8,1,8,"[np.int64(1), np.int64(2), np.int64(3), np.int64(4), np.int64(5), np.int64(6), np.int64(7), np.int64(8)]"
6,7,ADLL,ADLR,electrical,8,1,8,"[np.int64(1), np.int64(2), np.int64(3), np.int64(4), np.int64(5), np.int64(6), np.int64(7), np.int64(8)]"
6,10,ADLL,AIAL,chemical,8,1,8,"[np.int64(1), np.int64(2), np.int64(3), np.int64(4), np.int64(5), np.int64(6), np.int64(7), np.int64(8)]"
6,12,ADLL,AIBL,chemical,8,1,8,"[np.int64(1), np.int64(2), np.int64(3), np.int64(4), np.int64(5), np.int64(6), np.int64(7), np.int64(8)]"
6,38,ADLL,ASKL,chemical,8,1,8,"[np.int64(1), np.int64(2), np.int64(3), np.int64(4), np.int64(5), np.int64(6), np.int64(7), np.int64(8)]"
6,64,ADLL,AWCL,chemical,7,1,8,"[np.int64(1), np.int64(3), np.int64(4), np.int64(5), np.int64(6), np.int64(7), np.int64(8)]"
7,11,ADLR,AIAR,chemical,8,1,8,"[np.int64(1), np.int64(2), np.int64(3), np.int64(4), np.int64(5), np.int64(6), np.int64(7), np.int64(8)]"
7,13,ADLR,AIBR,chemical,8,1,8,"[np.int64(1), np.int64(2), np.int64(3), np.int64(4), np.int64(5), np.int64(6), np.int64(7), np.int64(8)]"
7,65,ADLR,AWCR,chemical,7,1,8,"[np.int64(1), np.int64(2), np.int64(4), np.int64(5), np.int64(6), np.int64(7), np.int64(8)]"
8,18,AFDL,AIYL,chemical,8,1,8,"[np.int64(1), np.int64(2), np.int64(3), np.int64(4), np.int64(5), np.int64(6), np.int64(7), np.int64(8)]"
8,20,AFDL,AIZL,electrical,7,1,8,"[np.int64(1), np.int64(3), np.int64(4), np.int64(5), np.int64(6), np.int64(7), np.int64(8)]"
9,19,AFDR,AIYR,chemical,8,1,8,"[np.int64(1), np.int64(2), np.int64(3), np.int64(4), np.int64(5), np.int64(6), np.int64(7), np.int64(8)]"
10,12,AIAL,AIBL,chemical,8,1,8,"[np.int64(1), np.int64(2), np.int64(3), np.int64(4), np.int64(5), np.int64(6), np.int64(7), np.int64(8)]"
10,34,AIAL,ASIL,electrical,7,1,8,"[np.int64(1), np.int64(3), np.int64(4), np.int64(5), np.int64(6), np.int64(7), np.int64(8)]"
10,38,AIAL,ASKL,chemical,8,1,8,"[np.int64(1), np.int64(2), np.int64(3), np.int64(4), np.int64(5), np.int64(6), np.int64(7), np.int64(8)]"
10,62,AIAL,AWBL,electrical,7,1,8,"[np.int64(1), np.int64(2), np.int64(4), np.int64(5), np.int64(6), np.int64(7), np.int64(8)]"
10,161,AIAL,RIFL,chemical,7,1,8,"[np.int64(1), np.int64(2), np.int64(3), np.int64(4), np.int64(5), np.int64(6), np.int64(8)]"
11,13,AIAR,AIBR,chemical,8,1,8,"[np.int64(1), np.int64(2), np.int64(3), np.int64(4), np.int64(5), np.int64(6), np.int64(7), np.int64(8)]"
11,39,AIAR,ASKR,chemical,8,1,8,"[np.int64(1), np.int64(2), np.int64(3), np.int64(4), np.int64(5), np.int64(6), np.int64(7), np.int64(8)]"
11,63,AIAR,AWBR,electrical,7,1,8,"[np.int64(1), np.int64(2), np.int64(4), np.int64(5), np.int64(6), np.int64(7), np.int64(8)]"
11,162,AIAR,RIFR,chemical,8,1,8,"[np.int64(1), np.int64(2), np.int64(3), np.int64(4), np.int64(5), np.int64(6), np.int64(7), np.int64(8)]"
12,44,AIBL,AVBL,chemical,8,1,8,"[np.int64(1), np.int64(2), np.int64(3), np.int64(4), np.int64(5), np.int64(6), np.int64(7), np.int64(8)]"
12,157,AIBL,RIBR,chemical,8,1,8,"[np.int64(1), np.int64(2), np.int64(3), np.int64(4), np.int64(5), np.int64(6), np.int64(7), np.int64(8)]"
12,167,AIBL,RIMR,chemical,8,1,8,"[np.int64(1), np.int64(2), np.int64(3), np.int64(4), np.int64(5), np.int64(6), np.int64(7), np.int64(8)]"
12,209,AIBL,SMDDR,chemical,8,1,8,"[np.int64(1), np.int64(2), np.int64(3), np.int64(4), np.int64(5), np.int64(6), np.int64(7), np.int64(8)]"
12,211,AIBL,SMDVR,chemical,8,1,8,"[np.int64(1), np.int64(2), np.int64(3), np.int64(4), np.int64(5), np.int64(6), np.int64(7), np.int64(8)]"
13,45,AIBR,AVBR,chemical,8,1,8,"[np.int64(1), np.int64(2), np.int64(3), np.int64(4), np.int64(5), np.int64(6), np.int64(7), np.int64(8)]"
13,156,AIBR,RIBL,chemical,8,1,8,"[np.int64(1), np.int64(2), np.int64(3), np.int64(4), np.int64(5), np.int64(6), np.int64(7), np.int64(8)]"
13,166,AIBR,RIML,chemical,8,1,8,"[np.int64(1), np.int64(2), np.int64(3), np.int64(4), np.int64(5), np.int64(6), np.int64(7), np.int64(8)]"
13,191,AIBR,SAADR,chemical,7,1,8,"[np.int64(1), np.int64(3), np.int64(4), np.int64(5), np.int64(6), np.int64(7), np.int64(8)]"
13,208,AIBR,SMDDL,chemical,8,1,8,"[np.int64(1), np.int64(2), np.int64(3), np.int64(4), np.int64(5), np.int64(6), np.int64(7), np.int64(8)]"
13,210,AIBR,SMDVL,chemical,8,1,8,"[np.int64(1), np.int64(2), np.int64(3), np.int64(4), np.int64(5), np.int64(6), np.int64(7), np.int64(8)]"
14,10,AIML,AIAL,chemical,8,1,8,"[np.int64(1), np.int64(2), np.int64(3), np.int64(4), np.int64(5), np.int64(6), np.int64(7), np.int64(8)]"
14,15,AIML,AIMR,electrical,7,1,8,"[np.int64(1), np.int64(3), np.int64(4), np.int64(5), np.int64(6), np.int64(7), np.int64(8)]"
14,30,AIML,ASGL,chemical,8,1,8,"[np.int64(1), np.int64(2), np.int64(3), np.int64(4), np.int64(5), np.int64(6), np.int64(7), np.int64(8)]"
15,11,AIMR,AIAR,chemical,8,1,8,"[np.int64(1), np.int64(2), np.int64(3), np.int64(4), np.int64(5), np.int64(6), np.int64(7), np.int64(8)]"
15,31,AIMR,ASGR,chemical,8,1,8,"[np.int64(1), np.int64(2), np.int64(3), np.int64(4), np.int64(5), np.int64(6), np.int64(7), np.int64(8)]"
15,39,AIMR,ASKR,chemical,7,1,8,"[np.int64(1), np.int64(2), np.int64(3), np.int64(5), np.int64(6), np.int64(7), np.int64(8)]"
16,9,AINL,AFDR,chemical,8,1,8,"[np.int64(1), np.int64(2), np.int64(3), np.int64(4), np.int64(5), np.int64(6), np.int64(7), np.int64(8)]"
16,41,AINL,AUAR,chemical,8,1,8,"[np.int64(1), np.int64(2), np.int64(3), np.int64(4), np.int64(5), np.int64(6), np.int64(7), np.int64(8)]"
16,66,AINL,BAGL,chemical,7,1,8,"[np.int64(1), np.int64(2), np.int64(4), np.int64(5), np.int64(6), np.int64(7), np.int64(8)]"
16,157,AINL,RIBR,chemical,7,1,8,"[np.int64(1), np.int64(3), np.int64(4), np.int64(5), np.int64(6), np.int64(7), np.int64(8)]"
17,8,AINR,AFDL,chemical,8,1,8,"[np.int64(1), np.int64(2), np.int64(3), np.int64(4), np.int64(5), np.int64(6), np.int64(7), np.int64(8)]"
17,40,AINR,AUAL,chemical,8,1,8,"[np.int64(1), np.int64(2), np.int64(3), np.int64(4), np.int64(5), np.int64(6), np.int64(7), np.int64(8)]"
17,67,AINR,BAGR,chemical,7,1,8,"[np.int64(1), np.int64(3), np.int64(4), np.int64(5), np.int64(6), np.int64(7), np.int64(8)]"
17,109,AINR,CEPshVL,chemical,7,1,8,"[np.int64(1), np.int64(3), np.int64(4), np.int64(5), np.int64(6), np.int64(7), np.int64(8)]"
18,20,AIYL,AIZL,chemical,8,1,8,"[np.int64(1), np.int64(2), np.int64(3), np.int64(4), np.int64(5), np.int64(6), np.int64(7), np.int64(8)]"
18,154,AIYL,RIAL,chemical,8,1,8,"[np.int64(1), np.int64(2), np.int64(3), np.int64(4), np.int64(5), np.int64(6), np.int64(7), np.int64(8)]"
18,156,AIYL,RIBL,chemical,8,1,8,"[np.int64(1), np.int64(2), np.int64(3), np.int64(4), np.int64(5), np.int64(6), np.int64(7), np.int64(8)]"
19,21,AIYR,AIZR,chemical,8,1,8,"[np.int64(1), np.int64(2), np.int64(3), np.int64(4), np.int64(5), np.int64(6), np.int64(7), np.int64(8)]"
19,155,AIYR,RIAR,chemical,8,1,8,"[np.int64(1), np.int64(2), np.int64(3), np.int64(4), np.int64(5), np.int64(6), np.int64(7), np.int64(8)]"
19,157,AIYR,RIBR,chemical,8,1,8,"[np.int64(1), np.int64(2), np.int64(3), np.int64(4), np.int64(5), np.int64(6), np.int64(7), np.int64(8)]"
20,10,AIZL,AIAL,chemical,8,1,8,"[np.int64(1), np.int64(2), np.int64(3), np.int64(4), np.int64(5), np.int64(6), np.int64(7), np.int64(8)]"
20,13,AIZL,AIBR,chemical,8,1,8,"[np.int64(1), np.int64(2), np.int64(3), np.int64(4), np.int64(5), np.int64(6), np.int64(7), np.int64(8)]"
20,21,AIZL,AIZR,electrical,8,1,8,"[np.int64(1), np.int64(2), np.int64(3), np.int64(4), np.int64(5), np.int64(6), np.int64(7), np.int64(8)]"
20,32,AIZL,ASHL,electrical,7,1,8,"[np.int64(1), np.int64(3), np.int64(4), np.int64(5), np.int64(6), np.int64(7), np.int64(8)]"
20,49,AIZL,AVER,chemical,8,1,8,"[np.int64(1), np.int64(2), np.int64(3), np.int64(4), np.int64(5), np.int64(6), np.int64(7), np.int64(8)]"
20,154,AIZL,RIAL,chemical,8,1,8,"[np.int64(1), np.int64(2), np.int64(3), np.int64(4), np.int64(5), np.int64(6), np.int64(7), np.int64(8)]"
20,166,AIZL,RIML,chemical,8,1,8,"[np.int64(1), np.int64(2), np.int64(3), np.int64(4), np.int64(5), np.int64(6), np.int64(7), np.int64(8)]"
20,204,AIZL,SMBDL,chemical,8,1,8,"[np.int64(1), np.int64(2), np.int64(3), np.int64(4), np.int64(5), np.int64(6), np.int64(7), np.int64(8)]"
20,206,AIZL,SMBVL,chemical,8,1,8,"[np.int64(1), np.int64(2), np.int64(3), np.int64(4), np.int64(5), np.int64(6), np.int64(7), np.int64(8)]"
21,12,AIZR,AIBL,chemical,8,1,8,"[np.int64(1), np.int64(2), np.int64(3), np.int64(4), np.int64(5), np.int64(6), np.int64(7), np.int64(8)]"
21,33,AIZR,ASHR,electrical,8,1,8,"[np.int64(1), np.int64(2), np.int64(3), np.int64(4), np.int64(5), np.int64(6), np.int64(7), np.int64(8)]"
21,48,AIZR,AVEL,chemical,8,1,8,"[np.int64(1), np.int64(2), np.int64(3), np.int64(4), np.int64(5), np.int64(6), np.int64(7), np.int64(8)]"
21,155,AIZR,RIAR,chemical,8,1,8,"[np.int64(1), np.int64(2), np.int64(3), np.int64(4), np.int64(5), np.int64(6), np.int64(7), np.int64(8)]"
21,167,AIZR,RIMR,chemical,8,1,8,"[np.int64(1), np.int64(2), np.int64(3), np.int64(4), np.int64(5), np.int64(6), np.int64(7), np.int64(8)]"
21,205,AIZR,SMBDR,chemical,8,1,8,"[np.int64(1), np.int64(2), np.int64(3), np.int64(4), np.int64(5), np.int64(6), np.int64(7), np.int64(8)]"
21,207,AIZR,SMBVR,chemical,8,1,8,"[np.int64(1), np.int64(2), np.int64(3), np.int64(4), np.int64(5), np.int64(6), np.int64(7), np.int64(8)]"
22,48,ALA,AVEL,chemical,8,1,8,"[np.int64(1), np.int64(2), np.int64(3), np.int64(4), np.int64(5), np.int64(6), np.int64(7), np.int64(8)]"
22,49,ALA,AVER,chemical,8,1,8,"[np.int64(1), np.int64(2), np.int64(3), np.int64(4), np.int64(5), np.int64(6), np.int64(7), np.int64(8)]"
23,68,ALML,BDUL,chemical,8,1,8,"[np.int64(1), np.int64(2), np.int64(3), np.int64(4), np.int64(5), np.int64(6), np.int64(7), np.int64(8)]"
23,152,ALML,PVR,electrical,7,1,8,"[np.int64(1), np.int64(2), np.int64(4), np.int64(5), np.int64(6), np.int64(7), np.int64(8)]"
24,69,ALMR,BDUR,chemical,8,1,8,"[np.int64(1), np.int64(2), np.int64(3), np.int64(4), np.int64(5), np.int64(6), np.int64(7), np.int64(8)]"
24,104,ALMR,CEPDR,chemical,8,1,8,"[np.int64(1), np.int64(2), np.int64(3), np.int64(4), np.int64(5), np.int64(6), np.int64(7), np.int64(8)]"
24,152,ALMR,PVR,electrical,7,1,8,"[np.int64(1), np.int64(2), np.int64(4), np.int64(5), np.int64(6), np.int64(7), np.int64(8)]"
28,12,ASEL,AIBL,chemical,8,1,8,"[np.int64(1), np.int64(2), np.int64(3), np.int64(4), np.int64(5), np.int64(6), np.int64(7), np.int64(8)]"
28,13,ASEL,AIBR,chemical,7,1,8,"[np.int64(1), np.int64(2), np.int64(3), np.int64(5), np.int64(6), np.int64(7), np.int64(8)]"
28,18,ASEL,AIYL,chemical,8,1,8,"[np.int64(1), np.int64(2), np.int64(3), np.int64(4), np.int64(5), np.int64(6), np.int64(7), np.int64(8)]"
28,19,ASEL,AIYR,chemical,8,1,8,"[np.int64(1), np.int64(2), np.int64(3), np.int64(4), np.int64(5), np.int64(6), np.int64(7), np.int64(8)]"
28,64,ASEL,AWCL,chemical,8,1,8,"[np.int64(1), np.int64(2), np.int64(3), np.int64(4), np.int64(5), np.int64(6), np.int64(7), np.int64(8)]"
29,12,ASER,AIBL,chemical,8,1,8,"[np.int64(1), np.int64(2), np.int64(3), np.int64(4), np.int64(5), np.int64(6), np.int64(7), np.int64(8)]"
29,13,ASER,AIBR,chemical,8,1,8,"[np.int64(1), np.int64(2), np.int64(3), np.int64(4), np.int64(5), np.int64(6), np.int64(7), np.int64(8)]"
29,18,ASER,AIYL,chemical,8,1,8,"[np.int64(1), np.int64(2), np.int64(3), np.int64(4), np.int64(5), np.int64(6), np.int64(7), np.int64(8)]"
29,19,ASER,AIYR,chemical,8,1,8,"[np.int64(1), np.int64(2), np.int64(3), np.int64(4), np.int64(5), np.int64(6), np.int64(7), np.int64(8)]"
29,65,ASER,AWCR,chemical,8,1,8,"[np.int64(1), np.int64(2), np.int64(3), np.int64(4), np.int64(5), np.int64(6), np.int64(7), np.int64(8)]"
30,10,ASGL,AIAL,chemical,8,1,8,"[np.int64(1), np.int64(2), np.int64(3), np.int64(4), np.int64(5), np.int64(6), np.int64(7), np.int64(8)]"
31,11,ASGR,AIAR,chemical,8,1,8,"[np.int64(1), np.int64(2), np.int64(3), np.int64(4), np.int64(5), np.int64(6), np.int64(7), np.int64(8)]"
32,0,ASHL,ADAL,chemical,7,1,8,"[np.int64(1), np.int64(3), np.int64(4), np.int64(5), np.int64(6), np.int64(7), np.int64(8)]"
32,10,ASHL,AIAL,chemical,8,1,8,"[np.int64(1), np.int64(2), np.int64(3), np.int64(4), np.int64(5), np.int64(6), np.int64(7), np.int64(8)]"
32,12,ASHL,AIBL,chemical,8,1,8,"[np.int64(1), np.int64(2), np.int64(3), np.int64(4), np.int64(5), np.int64(6), np.int64(7), np.int64(8)]"
32,44,ASHL,AVBL,chemical,7,1,8,"[np.int64(1), np.int64(2), np.int64(4), np.int64(5), np.int64(6), np.int64(7), np.int64(8)]"
32,46,ASHL,AVDL,chemical,8,1,8,"[np.int64(1), np.int64(2), np.int64(3), np.int64(4), np.int64(5), np.int64(6), np.int64(7), np.int64(8)]"
33,11,ASHR,AIAR,chemical,8,1,8,"[np.int64(1), np.int64(2), np.int64(3), np.int64(4), np.int64(5), np.int64(6), np.int64(7), np.int64(8)]"
33,13,ASHR,AIBR,chemical,8,1,8,"[np.int64(1), np.int64(2), np.int64(3), np.int64(4), np.int64(5), np.int64(6), np.int64(7), np.int64(8)]"
33,45,ASHR,AVBR,chemical,8,1,8,"[np.int64(1), np.int64(2), np.int64(3), np.int64(4), np.int64(5), np.int64(6), np.int64(7), np.int64(8)]"
34,64,ASIL,AWCL,chemical,8,1,8,"[np.int64(1), np.int64(2), np.int64(3), np.int64(4), np.int64(5), np.int64(6), np.int64(7), np.int64(8)]"
35,65,ASIR,AWCR,chemical,7,1,8,"[np.int64(1), np.int64(2), np.int64(4), np.int64(5), np.int64(6), np.int64(7), np.int64(8)]"
36,150,ASJL,PVQL,chemical,8,1,8,"[np.int64(1), np.int64(2), np.int64(3), np.int64(4), np.int64(5), np.int64(6), np.int64(7), np.int64(8)]"
37,39,ASJR,ASKR,chemical,8,1,8,"[np.int64(1), np.int64(2), np.int64(3), np.int64(4), np.int64(5), np.int64(6), np.int64(7), np.int64(8)]"
37,151,ASJR,PVQR,chemical,8,1,8,"[np.int64(1), np.int64(2), np.int64(3), np.int64(4), np.int64(5), np.int64(6), np.int64(7), np.int64(8)]"
38,10,ASKL,AIAL,chemical,8,1,8,"[np.int64(1), np.int64(2), np.int64(3), np.int64(4), np.int64(5), np.int64(6), np.int64(7), np.int64(8)]"
39,11,ASKR,AIAR,chemical,8,1,8,"[np.int64(1), np.int64(2), np.int64(3), np.int64(4), np.int64(5), np.int64(6), np.int64(7), np.int64(8)]"
40,48,AUAL,AVEL,chemical,8,1,8,"[np.int64(1), np.int64(2), np.int64(3), np.int64(4), np.int64(5), np.int64(6), np.int64(7), np.int64(8)]"
40,154,AUAL,RIAL,chemical,8,1,8,"[np.int64(1), np.int64(2), np.int64(3), np.int64(4), np.int64(5), np.int64(6), np.int64(7), np.int64(8)]"
40,156,AUAL,RIBL,chemical,8,1,8,"[np.int64(1), np.int64(2), np.int64(3), np.int64(4), np.int64(5), np.int64(6), np.int64(7), np.int64(8)]"
41,49,AUAR,AVER,chemical,8,1,8,"[np.int64(1), np.int64(2), np.int64(3), np.int64(4), np.int64(5), np.int64(6), np.int64(7), np.int64(8)]"
41,155,AUAR,RIAR,chemical,8,1,8,"[np.int64(1), np.int64(2), np.int64(3), np.int64(4), np.int64(5), np.int64(6), np.int64(7), np.int64(8)]"
41,157,AUAR,RIBR,chemical,8,1,8,"[np.int64(1), np.int64(2), np.int64(3), np.int64(4), np.int64(5), np.int64(6), np.int64(7), np.int64(8)]"
45,156,AVBR,RIBL,electrical,8,1,8,"[np.int64(1), np.int64(2), np.int64(3), np.int64(4), np.int64(5), np.int64(6), np.int64(7), np.int64(8)]"
53,4,AVHR,ADFL,chemical,8,1,8,"[np.int64(1), np.int64(2), np.int64(3), np.int64(4), np.int64(5), np.int64(6), np.int64(7), np.int64(8)]"
54,45,AVJL,AVBR,chemical,7,1,8,"[np.int64(1), np.int64(3), np.int64(4), np.int64(5), np.int64(6), np.int64(7), np.int64(8)]"
56,48,AVKL,AVEL,chemical,8,1,8,"[np.int64(1), np.int64(2), np.int64(3), np.int64(4), np.int64(5), np.int64(6), np.int64(7), np.int64(8)]"
56,49,AVKL,AVER,chemical,8,1,8,"[np.int64(1), np.int64(2), np.int64(3), np.int64(4), np.int64(5), np.int64(6), np.int64(7), np.int64(8)]"
56,166,AVKL,RIML,chemical,8,1,8,"[np.int64(1), np.int64(2), np.int64(3), np.int64(4), np.int64(5), np.int64(6), np.int64(7), np.int64(8)]"
56,167,AVKL,RIMR,chemical,8,1,8,"[np.int64(1), np.int64(2), np.int64(3), np.int64(4), np.int64(5), np.int64(6), np.int64(7), np.int64(8)]"
57,49,AVKR,AVER,chemical,8,1,8,"[np.int64(1), np.int64(2), np.int64(3), np.int64(4), np.int64(5), np.int64(6), np.int64(7), np.int64(8)]"
57,166,AVKR,RIML,chemical,7,1,8,"[np.int64(1), np.int64(2), np.int64(4), np.int64(5), np.int64(6), np.int64(7), np.int64(8)]"
57,167,AVKR,RIMR,chemical,8,1,8,"[np.int64(1), np.int64(2), np.int64(3), np.int64(4), np.int64(5), np.int64(6), np.int64(7), np.int64(8)]"
57,192,AVKR,SAAVL,chemical,7,1,8,"[np.int64(1), np.int64(2), np.int64(4), np.int64(5), np.int64(6), np.int64(7), np.int64(8)]"
60,62,AWAL,AWBL,chemical,8,1,8,"[np.int64(1), np.int64(2), np.int64(3), np.int64(4), np.int64(5), np.int64(6), np.int64(7), np.int64(8)]"
61,11,AWAR,AIAR,chemical,7,1,8,"[np.int64(1), np.int64(2), np.int64(3), np.int64(4), np.int64(5), np.int64(7), np.int64(8)]"
61,19,AWAR,AIYR,chemical,7,1,8,"[np.int64(1), np.int64(3), np.int64(4), np.int64(5), np.int64(6), np.int64(7), np.int64(8)]"
61,29,AWAR,ASER,chemical,8,1,8,"[np.int64(1), np.int64(2), np.int64(3), np.int64(4), np.int64(5), np.int64(6), np.int64(7), np.int64(8)]"
61,63,AWAR,AWBR,chemical,8,1,8,"[np.int64(1), np.int64(2), np.int64(3), np.int64(4), np.int64(5), np.int64(6), np.int64(7), np.int64(8)]"
62,4,AWBL,ADFL,chemical,8,1,8,"[np.int64(1), np.int64(2), np.int64(3), np.int64(4), np.int64(5), np.int64(6), np.int64(7), np.int64(8)]"
62,20,AWBL,AIZL,chemical,8,1,8,"[np.int64(1), np.int64(2), np.int64(3), np.int64(4), np.int64(5), np.int64(6), np.int64(7), np.int64(8)]"
63,5,AWBR,ADFR,chemical,8,1,8,"[np.int64(1), np.int64(2), np.int64(3), np.int64(4), np.int64(5), np.int64(6), np.int64(7), np.int64(8)]"
63,21,AWBR,AIZR,chemical,8,1,8,"[np.int64(1), np.int64(2), np.int64(3), np.int64(4), np.int64(5), np.int64(6), np.int64(7), np.int64(8)]"
64,10,AWCL,AIAL,chemical,8,1,8,"[np.int64(1), np.int64(2), np.int64(3), np.int64(4), np.int64(5), np.int64(6), np.int64(7), np.int64(8)]"
64,11,AWCL,AIAR,chemical,7,1,8,"[np.int64(1), np.int64(3), np.int64(4), np.int64(5), np.int64(6), np.int64(7), np.int64(8)]"
64,12,AWCL,AIBL,chemical,8,1,8,"[np.int64(1), np.int64(2), np.int64(3), np.int64(4), np.int64(5), np.int64(6), np.int64(7), np.int64(8)]"
64,13,AWCL,AIBR,chemical,8,1,8,"[np.int64(1), np.int64(2), np.int64(3), np.int64(4), np.int64(5), np.int64(6), np.int64(7), np.int64(8)]"
64,18,AWCL,AIYL,chemical,8,1,8,"[np.int64(1), np.int64(2), np.int64(3), np.int64(4), np.int64(5), np.int64(6), np.int64(7), np.int64(8)]"
65,10,AWCR,AIAL,chemical,8,1,8,"[np.int64(1), np.int64(2), np.int64(3), np.int64(4), np.int64(5), np.int64(6), np.int64(7), np.int64(8)]"
65,11,AWCR,AIAR,chemical,7,1,8,"[np.int64(1), np.int64(2), np.int64(4), np.int64(5), np.int64(6), np.int64(7), np.int64(8)]"
65,12,AWCR,AIBL,chemical,8,1,8,"[np.int64(1), np.int64(2), np.int64(3), np.int64(4), np.int64(5), np.int64(6), np.int64(7), np.int64(8)]"
65,13,AWCR,AIBR,chemical,8,1,8,"[np.int64(1), np.int64(2), np.int64(3), np.int64(4), np.int64(5), np.int64(6), np.int64(7), np.int64(8)]"
65,18,AWCR,AIYL,chemical,8,1,8,"[np.int64(1), np.int64(2), np.int64(3), np.int64(4), np.int64(5), np.int64(6), np.int64(7), np.int64(8)]"
65,19,AWCR,AIYR,chemical,8,1,8,"[np.int64(1), np.int64(2), np.int64(3), np.int64(4), np.int64(5), np.int64(6), np.int64(7), np.int64(8)]"
65,29,AWCR,ASER,chemical,7,1,8,"[np.int64(1), np.int64(2), np.int64(4), np.int64(5), np.int64(6), np.int64(7), np.int64(8)]"
65,64,AWCR,AWCL,chemical,8,1,8,"[np.int64(1), np.int64(2), np.int64(3), np.int64(4), np.int64(5), np.int64(6), np.int64(7), np.int64(8)]"
66,155,BAGL,RIAR,chemical,8,1,8,"[np.int64(1), np.int64(2), np.int64(3), np.int64(4), np.int64(5), np.int64(6), np.int64(7), np.int64(8)]"
66,157,BAGL,RIBR,chemical,8,1,8,"[np.int64(1), np.int64(2), np.int64(3), np.int64(4), np.int64(5), np.int64(6), np.int64(7), np.int64(8)]"
66,170,BAGL,RIR,electrical,8,1,8,"[np.int64(1), np.int64(2), np.int64(3), np.int64(4), np.int64(5), np.int64(6), np.int64(7), np.int64(8)]"
67,48,BAGR,AVEL,chemical,7,1,8,"[np.int64(1), np.int64(2), np.int64(4), np.int64(5), np.int64(6), np.int64(7), np.int64(8)]"
67,154,BAGR,RIAL,chemical,8,1,8,"[np.int64(1), np.int64(2), np.int64(3), np.int64(4), np.int64(5), np.int64(6), np.int64(7), np.int64(8)]"
67,156,BAGR,RIBL,chemical,8,1,8,"[np.int64(1), np.int64(2), np.int64(3), np.int64(4), np.int64(5), np.int64(6), np.int64(7), np.int64(8)]"
103,49,CEPDL,AVER,chemical,8,1,8,"[np.int64(1), np.int64(2), np.int64(3), np.int64(4), np.int64(5), np.int64(6), np.int64(7), np.int64(8)]"
103,136,CEPDL,OLLL,chemical,8,1,8,"[np.int64(1), np.int64(2), np.int64(3), np.int64(4), np.int64(5), np.int64(6), np.int64(7), np.int64(8)]"
103,158,CEPDL,RICL,chemical,8,1,8,"[np.int64(1), np.int64(2), np.int64(3), np.int64(4), np.int64(5), np.int64(6), np.int64(7), np.int64(8)]"
103,159,CEPDL,RICR,chemical,8,1,8,"[np.int64(1), np.int64(2), np.int64(3), np.int64(4), np.int64(5), np.int64(6), np.int64(7), np.int64(8)]"
103,216,CEPDL,URBL,chemical,7,1,8,"[np.int64(1), np.int64(2), np.int64(4), np.int64(5), np.int64(6), np.int64(7), np.int64(8)]"
104,137,CEPDR,OLLR,chemical,8,1,8,"[np.int64(1), np.int64(2), np.int64(3), np.int64(4), np.int64(5), np.int64(6), np.int64(7), np.int64(8)]"
104,158,CEPDR,RICL,chemical,8,1,8,"[np.int64(1), np.int64(2), np.int64(3), np.int64(4), np.int64(5), np.int64(6), np.int64(7), np.int64(8)]"
104,159,CEPDR,RICR,chemical,8,1,8,"[np.int64(1), np.int64(2), np.int64(3), np.int64(4), np.int64(5), np.int64(6), np.int64(7), np.int64(8)]"
105,49,CEPVL,AVER,chemical,7,1,8,"[np.int64(1), np.int64(2), np.int64(4), np.int64(5), np.int64(6), np.int64(7), np.int64(8)]"
105,136,CEPVL,OLLL,chemical,8,1,8,"[np.int64(1), np.int64(2), np.int64(3), np.int64(4), np.int64(5), np.int64(6), np.int64(7), np.int64(8)]"
105,158,CEPVL,RICL,chemical,8,1,8,"[np.int64(1), np.int64(2), np.int64(3), np.int64(4), np.int64(5), np.int64(6), np.int64(7), np.int64(8)]"
105,159,CEPVL,RICR,chemical,8,1,8,"[np.int64(1), np.int64(2), np.int64(3), np.int64(4), np.int64(5), np.int64(6), np.int64(7), np.int64(8)]"
106,48,CEPVR,AVEL,chemical,8,1,8,"[np.int64(1), np.int64(2), np.int64(3), np.int64(4), np.int64(5), np.int64(6), np.int64(7), np.int64(8)]"
106,137,CEPVR,OLLR,chemical,8,1,8,"[np.int64(1), np.int64(2), np.int64(3), np.int64(4), np.int64(5), np.int64(6), np.int64(7), np.int64(8)]"
106,141,CEPVR,OLQVR,chemical,8,1,8,"[np.int64(1), np.int64(2), np.int64(3), np.int64(4), np.int64(5), np.int64(6), np.int64(7), np.int64(8)]"
106,158,CEPVR,RICL,chemical,8,1,8,"[np.int64(1), np.int64(2), np.int64(3), np.int64(4), np.int64(5), np.int64(6), np.int64(7), np.int64(8)]"
106,159,CEPVR,RICR,chemical,8,1,8,"[np.int64(1), np.int64(2), np.int64(3), np.int64(4), np.int64(5), np.int64(6), np.int64(7), np.int64(8)]"
112,21,DVA,AIZR,chemical,8,1,8,"[np.int64(1), np.int64(2), np.int64(3), np.int64(4), np.int64(5), np.int64(6), np.int64(7), np.int64(8)]"
112,48,DVA,AVEL,chemical,8,1,8,"[np.int64(1), np.int64(2), np.int64(3), np.int64(4), np.int64(5), np.int64(6), np.int64(7), np.int64(8)]"
112,49,DVA,AVER,chemical,8,1,8,"[np.int64(1), np.int64(2), np.int64(3), np.int64(4), np.int64(5), np.int64(6), np.int64(7), np.int64(8)]"
112,170,DVA,RIR,chemical,8,1,8,"[np.int64(1), np.int64(2), np.int64(3), np.int64(4), np.int64(5), np.int64(6), np.int64(7), np.int64(8)]"
113,12,DVC,AIBL,chemical,7,1,8,"[np.int64(1), np.int64(3), np.int64(4), np.int64(5), np.int64(6), np.int64(7), np.int64(8)]"
113,42,DVC,AVAL,chemical,8,1,8,"[np.int64(1), np.int64(2), np.int64(3), np.int64(4), np.int64(5), np.int64(6), np.int64(7), np.int64(8)]"
113,43,DVC,AVAR,chemical,8,1,8,"[np.int64(1), np.int64(2), np.int64(3), np.int64(4), np.int64(5), np.int64(6), np.int64(7), np.int64(8)]"
113,156,DVC,RIBL,chemical,8,1,8,"[np.int64(1), np.int64(2), np.int64(3), np.int64(4), np.int64(5), np.int64(6), np.int64(7), np.int64(8)]"
114,42,FLPL,AVAL,chemical,7,1,8,"[np.int64(1), np.int64(2), np.int64(3), np.int64(5), np.int64(6), np.int64(7), np.int64(8)]"
124,70,IL1DL,BWM-DL01,chemical,8,1,8,"[np.int64(1), np.int64(2), np.int64(3), np.int64(4), np.int64(5), np.int64(6), np.int64(7), np.int64(8)]"
124,71,IL1DL,BWM-DL02,chemical,8,1,8,"[np.int64(1), np.int64(2), np.int64(3), np.int64(4), np.int64(5), np.int64(6), np.int64(7), np.int64(8)]"
124,168,IL1DL,RIPL,chemical,8,1,8,"[np.int64(1), np.int64(2), np.int64(3), np.int64(4), np.int64(5), np.int64(6), np.int64(7), np.int64(8)]"
124,178,IL1DL,RMDVL,chemical,8,1,8,"[np.int64(1), np.int64(2), np.int64(3), np.int64(4), np.int64(5), np.int64(6), np.int64(7), np.int64(8)]"
124,181,IL1DL,RMEL,chemical,8,1,8,"[np.int64(1), np.int64(2), np.int64(3), np.int64(4), np.int64(5), np.int64(6), np.int64(7), np.int64(8)]"
125,78,IL1DR,BWM-DR01,chemical,8,1,8,"[np.int64(1), np.int64(2), np.int64(3), np.int64(4), np.int64(5), np.int64(6), np.int64(7), np.int64(8)]"
125,79,IL1DR,BWM-DR02,chemical,8,1,8,"[np.int64(1), np.int64(2), np.int64(3), np.int64(4), np.int64(5), np.int64(6), np.int64(7), np.int64(8)]"
125,169,IL1DR,RIPR,chemical,8,1,8,"[np.int64(1), np.int64(2), np.int64(3), np.int64(4), np.int64(5), np.int64(6), np.int64(7), np.int64(8)]"
125,179,IL1DR,RMDVR,chemical,8,1,8,"[np.int64(1), np.int64(2), np.int64(3), np.int64(4), np.int64(5), np.int64(6), np.int64(7), np.int64(8)]"
126,71,IL1L,BWM-DL02,chemical,8,1,8,"[np.int64(1), np.int64(2), np.int64(3), np.int64(4), np.int64(5), np.int64(6), np.int64(7), np.int64(8)]"
126,87,IL1L,BWM-VL02,chemical,8,1,8,"[np.int64(1), np.int64(2), np.int64(3), np.int64(4), np.int64(5), np.int64(6), np.int64(7), np.int64(8)]"
126,174,IL1L,RMDDL,chemical,8,1,8,"[np.int64(1), np.int64(2), np.int64(3), np.int64(4), np.int64(5), np.int64(6), np.int64(7), np.int64(8)]"
126,178,IL1L,RMDVL,chemical,8,1,8,"[np.int64(1), np.int64(2), np.int64(3), np.int64(4), np.int64(5), np.int64(6), np.int64(7), np.int64(8)]"
127,79,IL1R,BWM-DR02,chemical,8,1,8,"[np.int64(1), np.int64(2), np.int64(3), np.int64(4), np.int64(5), np.int64(6), np.int64(7), np.int64(8)]"
127,95,IL1R,BWM-VR02,chemical,8,1,8,"[np.int64(1), np.int64(2), np.int64(3), np.int64(4), np.int64(5), np.int64(6), np.int64(7), np.int64(8)]"
127,175,IL1R,RMDDR,chemical,8,1,8,"[np.int64(1), np.int64(2), np.int64(3), np.int64(4), np.int64(5), np.int64(6), np.int64(7), np.int64(8)]"
127,179,IL1R,RMDVR,chemical,8,1,8,"[np.int64(1), np.int64(2), np.int64(3), np.int64(4), np.int64(5), np.int64(6), np.int64(7), np.int64(8)]"
128,86,IL1VL,BWM-VL01,chemical,8,1,8,"[np.int64(1), np.int64(2), np.int64(3), np.int64(4), np.int64(5), np.int64(6), np.int64(7), np.int64(8)]"
128,87,IL1VL,BWM-VL02,chemical,8,1,8,"[np.int64(1), np.int64(2), np.int64(3), np.int64(4), np.int64(5), np.int64(6), np.int64(7), np.int64(8)]"
128,168,IL1VL,RIPL,chemical,8,1,8,"[np.int64(1), np.int64(2), np.int64(3), np.int64(4), np.int64(5), np.int64(6), np.int64(7), np.int64(8)]"
128,174,IL1VL,RMDDL,chemical,8,1,8,"[np.int64(1), np.int64(2), np.int64(3), np.int64(4), np.int64(5), np.int64(6), np.int64(7), np.int64(8)]"
128,181,IL1VL,RMEL,chemical,7,1,8,"[np.int64(1), np.int64(2), np.int64(3), np.int64(4), np.int64(6), np.int64(7), np.int64(8)]"
129,94,IL1VR,BWM-VR01,chemical,8,1,8,"[np.int64(1), np.int64(2), np.int64(3), np.int64(4), np.int64(5), np.int64(6), np.int64(7), np.int64(8)]"
129,95,IL1VR,BWM-VR02,chemical,8,1,8,"[np.int64(1), np.int64(2), np.int64(3), np.int64(4), np.int64(5), np.int64(6), np.int64(7), np.int64(8)]"
129,169,IL1VR,RIPR,chemical,8,1,8,"[np.int64(1), np.int64(2), np.int64(3), np.int64(4), np.int64(5), np.int64(6), np.int64(7), np.int64(8)]"
129,175,IL1VR,RMDDR,chemical,8,1,8,"[np.int64(1), np.int64(2), np.int64(3), np.int64(4), np.int64(5), np.int64(6), np.int64(7), np.int64(8)]"
129,182,IL1VR,RMER,chemical,8,1,8,"[np.int64(1), np.int64(2), np.int64(3), np.int64(4), np.int64(5), np.int64(6), np.int64(7), np.int64(8)]"
130,168,IL2DL,RIPL,chemical,8,1,8,"[np.int64(1), np.int64(2), np.int64(3), np.int64(4), np.int64(5), np.int64(6), np.int64(7), np.int64(8)]"
130,181,IL2DL,RMEL,chemical,8,1,8,"[np.int64(1), np.int64(2), np.int64(3), np.int64(4), np.int64(5), np.int64(6), np.int64(7), np.int64(8)]"
130,182,IL2DL,RMER,chemical,8,1,8,"[np.int64(1), np.int64(2), np.int64(3), np.int64(4), np.int64(5), np.int64(6), np.int64(7), np.int64(8)]"
131,169,IL2DR,RIPR,chemical,8,1,8,"[np.int64(1), np.int64(2), np.int64(3), np.int64(4), np.int64(5), np.int64(6), np.int64(7), np.int64(8)]"
131,182,IL2DR,RMER,chemical,8,1,8,"[np.int64(1), np.int64(2), np.int64(3), np.int64(4), np.int64(5), np.int64(6), np.int64(7), np.int64(8)]"
132,140,IL2L,OLQVL,chemical,8,1,8,"[np.int64(1), np.int64(2), np.int64(3), np.int64(4), np.int64(5), np.int64(6), np.int64(7), np.int64(8)]"
132,165,IL2L,RIH,chemical,8,1,8,"[np.int64(1), np.int64(2), np.int64(3), np.int64(4), np.int64(5), np.int64(6), np.int64(7), np.int64(8)]"
133,139,IL2R,OLQDR,chemical,8,1,8,"[np.int64(1), np.int64(2), np.int64(3), np.int64(4), np.int64(5), np.int64(6), np.int64(7), np.int64(8)]"
133,141,IL2R,OLQVR,chemical,8,1,8,"[np.int64(1), np.int64(2), np.int64(3), np.int64(4), np.int64(5), np.int64(6), np.int64(7), np.int64(8)]"
133,165,IL2R,RIH,chemical,8,1,8,"[np.int64(1), np.int64(2), np.int64(3), np.int64(4), np.int64(5), np.int64(6), np.int64(7), np.int64(8)]"
134,168,IL2VL,RIPL,chemical,8,1,8,"[np.int64(1), np.int64(2), np.int64(3), np.int64(4), np.int64(5), np.int64(6), np.int64(7), np.int64(8)]"
134,180,IL2VL,RMED,chemical,7,1,8,"[np.int64(1), np.int64(3), np.int64(4), np.int64(5), np.int64(6), np.int64(7), np.int64(8)]"
134,181,IL2VL,RMEL,chemical,8,1,8,"[np.int64(1), np.int64(2), np.int64(3), np.int64(4), np.int64(5), np.int64(6), np.int64(7), np.int64(8)]"
134,182,IL2VL,RMER,chemical,8,1,8,"[np.int64(1), np.int64(2), np.int64(3), np.int64(4), np.int64(5), np.int64(6), np.int64(7), np.int64(8)]"
134,183,IL2VL,RMEV,chemical,7,1,8,"[np.int64(1), np.int64(2), np.int64(3), np.int64(5), np.int64(6), np.int64(7), np.int64(8)]"
135,169,IL2VR,RIPR,chemical,8,1,8,"[np.int64(1), np.int64(2), np.int64(3), np.int64(4), np.int64(5), np.int64(6), np.int64(7), np.int64(8)]"
135,181,IL2VR,RMEL,chemical,8,1,8,"[np.int64(1), np.int64(2), np.int64(3), np.int64(4), np.int64(5), np.int64(6), np.int64(7), np.int64(8)]"
135,182,IL2VR,RMER,chemical,8,1,8,"[np.int64(1), np.int64(2), np.int64(3), np.int64(4), np.int64(5), np.int64(6), np.int64(7), np.int64(8)]"
135,183,IL2VR,RMEV,chemical,8,1,8,"[np.int64(1), np.int64(2), np.int64(3), np.int64(4), np.int64(5), np.int64(6), np.int64(7), np.int64(8)]"
136,49,OLLL,AVER,chemical,8,1,8,"[np.int64(1), np.int64(2), np.int64(3), np.int64(4), np.int64(5), np.int64(6), np.int64(7), np.int64(8)]"
136,103,OLLL,CEPDL,chemical,7,1,8,"[np.int64(1), np.int64(2), np.int64(4), np.int64(5), np.int64(6), np.int64(7), np.int64(8)]"
136,105,OLLL,CEPVL,chemical,8,1,8,"[np.int64(1), np.int64(2), np.int64(3), np.int64(4), np.int64(5), np.int64(6), np.int64(7), np.int64(8)]"
136,137,OLLL,OLLR,electrical,8,1,8,"[np.int64(1), np.int64(2), np.int64(3), np.int64(4), np.int64(5), np.int64(6), np.int64(7), np.int64(8)]"
136,156,OLLL,RIBL,chemical,8,1,8,"[np.int64(1), np.int64(2), np.int64(3), np.int64(4), np.int64(5), np.int64(6), np.int64(7), np.int64(8)]"
136,163,OLLL,RIGL,electrical,7,1,8,"[np.int64(1), np.int64(3), np.int64(4), np.int64(5), np.int64(6), np.int64(7), np.int64(8)]"
136,209,OLLL,SMDDR,chemical,8,1,8,"[np.int64(1), np.int64(2), np.int64(3), np.int64(4), np.int64(5), np.int64(6), np.int64(7), np.int64(8)]"
136,211,OLLL,SMDVR,chemical,8,1,8,"[np.int64(1), np.int64(2), np.int64(3), np.int64(4), np.int64(5), np.int64(6), np.int64(7), np.int64(8)]"
137,48,OLLR,AVEL,chemical,8,1,8,"[np.int64(1), np.int64(2), np.int64(3), np.int64(4), np.int64(5), np.int64(6), np.int64(7), np.int64(8)]"
137,104,OLLR,CEPDR,chemical,8,1,8,"[np.int64(1), np.int64(2), np.int64(3), np.int64(4), np.int64(5), np.int64(6), np.int64(7), np.int64(8)]"
137,157,OLLR,RIBR,chemical,8,1,8,"[np.int64(1), np.int64(2), np.int64(3), np.int64(4), np.int64(5), np.int64(6), np.int64(7), np.int64(8)]"
137,164,OLLR,RIGR,electrical,8,1,8,"[np.int64(1), np.int64(2), np.int64(3), np.int64(4), np.int64(5), np.int64(6), np.int64(7), np.int64(8)]"
137,208,OLLR,SMDDL,chemical,8,1,8,"[np.int64(1), np.int64(2), np.int64(3), np.int64(4), np.int64(5), np.int64(6), np.int64(7), np.int64(8)]"
137,210,OLLR,SMDVL,chemical,8,1,8,"[np.int64(1), np.int64(2), np.int64(3), np.int64(4), np.int64(5), np.int64(6), np.int64(7), np.int64(8)]"
138,159,OLQDL,RICR,chemical,8,1,8,"[np.int64(1), np.int64(2), np.int64(3), np.int64(4), np.int64(5), np.int64(6), np.int64(7), np.int64(8)]"
138,175,OLQDL,RMDDR,chemical,8,1,8,"[np.int64(1), np.int64(2), np.int64(3), np.int64(4), np.int64(5), np.int64(6), np.int64(7), np.int64(8)]"
138,202,OLQDL,SIBVL,chemical,8,1,8,"[np.int64(1), np.int64(2), np.int64(3), np.int64(4), np.int64(5), np.int64(6), np.int64(7), np.int64(8)]"
139,133,OLQDR,IL2R,chemical,7,1,8,"[np.int64(1), np.int64(2), np.int64(3), np.int64(4), np.int64(5), np.int64(7), np.int64(8)]"
139,158,OLQDR,RICL,chemical,8,1,8,"[np.int64(1), np.int64(2), np.int64(3), np.int64(4), np.int64(5), np.int64(6), np.int64(7), np.int64(8)]"
140,132,OLQVL,IL2L,chemical,8,1,8,"[np.int64(1), np.int64(2), np.int64(3), np.int64(4), np.int64(5), np.int64(6), np.int64(7), np.int64(8)]"
140,158,OLQVL,RICL,chemical,8,1,8,"[np.int64(1), np.int64(2), np.int64(3), np.int64(4), np.int64(5), np.int64(6), np.int64(7), np.int64(8)]"
140,179,OLQVL,RMDVR,chemical,8,1,8,"[np.int64(1), np.int64(2), np.int64(3), np.int64(4), np.int64(5), np.int64(6), np.int64(7), np.int64(8)]"
141,133,OLQVR,IL2R,chemical,8,1,8,"[np.int64(1), np.int64(2), np.int64(3), np.int64(4), np.int64(5), np.int64(6), np.int64(7), np.int64(8)]"
141,159,OLQVR,RICR,chemical,8,1,8,"[np.int64(1), np.int64(2), np.int64(3), np.int64(4), np.int64(5), np.int64(6), np.int64(7), np.int64(8)]"
141,178,OLQVR,RMDVL,chemical,8,1,8,"[np.int64(1), np.int64(2), np.int64(3), np.int64(4), np.int64(5), np.int64(6), np.int64(7), np.int64(8)]"
141,201,OLQVR,SIBDR,chemical,8,1,8,"[np.int64(1), np.int64(2), np.int64(3), np.int64(4), np.int64(5), np.int64(6), np.int64(7), np.int64(8)]"
144,45,PVCL,AVBR,chemical,8,1,8,"[np.int64(1), np.int64(2), np.int64(3), np.int64(4), np.int64(5), np.int64(6), np.int64(7), np.int64(8)]"
144,49,PVCL,AVER,chemical,8,1,8,"[np.int64(1), np.int64(2), np.int64(3), np.int64(4), np.int64(5), np.int64(6), np.int64(7), np.int64(8)]"
145,44,PVCR,AVBL,chemical,7,1,8,"[np.int64(1), np.int64(2), np.int64(3), np.int64(5), np.int64(6), np.int64(7), np.int64(8)]"
148,42,PVPL,AVAL,chemical,7,1,8,"[np.int64(1), np.int64(3), np.int64(4), np.int64(5), np.int64(6), np.int64(7), np.int64(8)]"
149,45,PVPR,AVBR,chemical,8,1,8,"[np.int64(1), np.int64(2), np.int64(3), np.int64(4), np.int64(5), np.int64(6), np.int64(7), np.int64(8)]"
150,10,PVQL,AIAL,chemical,8,1,8,"[np.int64(1), np.int64(2), np.int64(3), np.int64(4), np.int64(5), np.int64(6), np.int64(7), np.int64(8)]"
150,36,PVQL,ASJL,chemical,7,1,8,"[np.int64(1), np.int64(2), np.int64(3), np.int64(4), np.int64(5), np.int64(7), np.int64(8)]"
150,38,PVQL,ASKL,chemical,8,1,8,"[np.int64(1), np.int64(2), np.int64(3), np.int64(4), np.int64(5), np.int64(6), np.int64(7), np.int64(8)]"
151,11,PVQR,AIAR,chemical,8,1,8,"[np.int64(1), np.int64(2), np.int64(3), np.int64(4), np.int64(5), np.int64(6), np.int64(7), np.int64(8)]"
151,39,PVQR,ASKR,chemical,8,1,8,"[np.int64(1), np.int64(2), np.int64(3), np.int64(4), np.int64(5), np.int64(6), np.int64(7), np.int64(8)]"
152,44,PVR,AVBL,chemical,8,1,8,"[np.int64(1), np.int64(2), np.int64(3), np.int64(4), np.int64(5), np.int64(6), np.int64(7), np.int64(8)]"
152,45,PVR,AVBR,chemical,7,1,8,"[np.int64(1), np.int64(2), np.int64(3), np.int64(4), np.int64(5), np.int64(7), np.int64(8)]"
152,54,PVR,AVJL,chemical,7,1,8,"[np.int64(1), np.int64(3), np.int64(4), np.int64(5), np.int64(6), np.int64(7), np.int64(8)]"
152,169,PVR,RIPR,chemical,8,1,8,"[np.int64(1), np.int64(2), np.int64(3), np.int64(4), np.int64(5), np.int64(6), np.int64(7), np.int64(8)]"
153,12,PVT,AIBL,chemical,7,1,8,"[np.int64(1), np.int64(3), np.int64(4), np.int64(5), np.int64(6), np.int64(7), np.int64(8)]"
153,56,PVT,AVKL,chemical,8,1,8,"[np.int64(1), np.int64(2), np.int64(3), np.int64(4), np.int64(5), np.int64(6), np.int64(7), np.int64(8)]"
153,57,PVT,AVKR,chemical,8,1,8,"[np.int64(1), np.int64(2), np.int64(3), np.int64(4), np.int64(5), np.int64(6), np.int64(7), np.int64(8)]"
153,163,PVT,RIGL,chemical,8,1,8,"[np.int64(1), np.int64(2), np.int64(3), np.int64(4), np.int64(5), np.int64(6), np.int64(7), np.int64(8)]"
153,164,PVT,RIGR,chemical,7,1,8,"[np.int64(1), np.int64(2), np.int64(4), np.int64(5), np.int64(6), np.int64(7), np.int64(8)]"
154,155,RIAL,RIAR,chemical,8,1,8,"[np.int64(1), np.int64(2), np.int64(3), np.int64(4), np.int64(5), np.int64(6), np.int64(7), np.int64(8)]"
154,174,RIAL,RMDDL,chemical,8,1,8,"[np.int64(1), np.int64(2), np.int64(3), np.int64(4), np.int64(5), np.int64(6), np.int64(7), np.int64(8)]"
154,175,RIAL,RMDDR,chemical,8,1,8,"[np.int64(1), np.int64(2), np.int64(3), np.int64(4), np.int64(5), np.int64(6), np.int64(7), np.int64(8)]"
154,176,RIAL,RMDL,chemical,8,1,8,"[np.int64(1), np.int64(2), np.int64(3), np.int64(4), np.int64(5), np.int64(6), np.int64(7), np.int64(8)]"
154,177,RIAL,RMDR,chemical,8,1,8,"[np.int64(1), np.int64(2), np.int64(3), np.int64(4), np.int64(5), np.int64(6), np.int64(7), np.int64(8)]"
154,178,RIAL,RMDVL,chemical,8,1,8,"[np.int64(1), np.int64(2), np.int64(3), np.int64(4), np.int64(5), np.int64(6), np.int64(7), np.int64(8)]"
154,179,RIAL,RMDVR,chemical,8,1,8,"[np.int64(1), np.int64(2), np.int64(3), np.int64(4), np.int64(5), np.int64(6), np.int64(7), np.int64(8)]"
154,199,RIAL,SIAVR,chemical,8,1,8,"[np.int64(1), np.int64(2), np.int64(3), np.int64(4), np.int64(5), np.int64(6), np.int64(7), np.int64(8)]"
154,208,RIAL,SMDDL,chemical,8,1,8,"[np.int64(1), np.int64(2), np.int64(3), np.int64(4), np.int64(5), np.int64(6), np.int64(7), np.int64(8)]"
154,209,RIAL,SMDDR,chemical,8,1,8,"[np.int64(1), np.int64(2), np.int64(3), np.int64(4), np.int64(5), np.int64(6), np.int64(7), np.int64(8)]"
154,210,RIAL,SMDVL,chemical,8,1,8,"[np.int64(1), np.int64(2), np.int64(3), np.int64(4), np.int64(5), np.int64(6), np.int64(7), np.int64(8)]"
154,211,RIAL,SMDVR,chemical,8,1,8,"[np.int64(1), np.int64(2), np.int64(3), np.int64(4), np.int64(5), np.int64(6), np.int64(7), np.int64(8)]"
155,154,RIAR,RIAL,chemical,8,1,8,"[np.int64(1), np.int64(2), np.int64(3), np.int64(4), np.int64(5), np.int64(6), np.int64(7), np.int64(8)]"
155,174,RIAR,RMDDL,chemical,8,1,8,"[np.int64(1), np.int64(2), np.int64(3), np.int64(4), np.int64(5), np.int64(6), np.int64(7), np.int64(8)]"
155,175,RIAR,RMDDR,chemical,8,1,8,"[np.int64(1), np.int64(2), np.int64(3), np.int64(4), np.int64(5), np.int64(6), np.int64(7), np.int64(8)]"
155,176,RIAR,RMDL,chemical,8,1,8,"[np.int64(1), np.int64(2), np.int64(3), np.int64(4), np.int64(5), np.int64(6), np.int64(7), np.int64(8)]"
155,177,RIAR,RMDR,chemical,8,1,8,"[np.int64(1), np.int64(2), np.int64(3), np.int64(4), np.int64(5), np.int64(6), np.int64(7), np.int64(8)]"
155,178,RIAR,RMDVL,chemical,8,1,8,"[np.int64(1), np.int64(2), np.int64(3), np.int64(4), np.int64(5), np.int64(6), np.int64(7), np.int64(8)]"
155,179,RIAR,RMDVR,chemical,8,1,8,"[np.int64(1), np.int64(2), np.int64(3), np.int64(4), np.int64(5), np.int64(6), np.int64(7), np.int64(8)]"
155,197,RIAR,SIADR,chemical,8,1,8,"[np.int64(1), np.int64(2), np.int64(3), np.int64(4), np.int64(5), np.int64(6), np.int64(7), np.int64(8)]"
155,198,RIAR,SIAVL,chemical,7,1,8,"[np.int64(1), np.int64(2), np.int64(4), np.int64(5), np.int64(6), np.int64(7), np.int64(8)]"
155,208,RIAR,SMDDL,chemical,8,1,8,"[np.int64(1), np.int64(2), np.int64(3), np.int64(4), np.int64(5), np.int64(6), np.int64(7), np.int64(8)]"
155,209,RIAR,SMDDR,chemical,8,1,8,"[np.int64(1), np.int64(2), np.int64(3), np.int64(4), np.int64(5), np.int64(6), np.int64(7), np.int64(8)]"
155,210,RIAR,SMDVL,chemical,8,1,8,"[np.int64(1), np.int64(2), np.int64(3), np.int64(4), np.int64(5), np.int64(6), np.int64(7), np.int64(8)]"
155,211,RIAR,SMDVR,chemical,8,1,8,"[np.int64(1), np.int64(2), np.int64(3), np.int64(4), np.int64(5), np.int64(6), np.int64(7), np.int64(8)]"
156,13,RIBL,AIBR,chemical,7,1,8,"[np.int64(1), np.int64(2), np.int64(4), np.int64(5), np.int64(6), np.int64(7), np.int64(8)]"
156,42,RIBL,AVAL,chemical,8,1,8,"[np.int64(1), np.int64(2), np.int64(3), np.int64(4), np.int64(5), np.int64(6), np.int64(7), np.int64(8)]"
156,48,RIBL,AVEL,chemical,8,1,8,"[np.int64(1), np.int64(2), np.int64(3), np.int64(4), np.int64(5), np.int64(6), np.int64(7), np.int64(8)]"
156,49,RIBL,AVER,chemical,7,1,8,"[np.int64(1), np.int64(2), np.int64(4), np.int64(5), np.int64(6), np.int64(7), np.int64(8)]"
156,154,RIBL,RIAL,chemical,8,1,8,"[np.int64(1), np.int64(2), np.int64(3), np.int64(4), np.int64(5), np.int64(6), np.int64(7), np.int64(8)]"
156,157,RIBL,RIBR,electrical,8,1,8,"[np.int64(1), np.int64(2), np.int64(3), np.int64(4), np.int64(5), np.int64(6), np.int64(7), np.int64(8)]"
156,171,RIBL,RIS,chemical,7,1,8,"[np.int64(1), np.int64(2), np.int64(3), np.int64(4), np.int64(5), np.int64(7), np.int64(8)]"
157,43,RIBR,AVAR,chemical,7,1,8,"[np.int64(1), np.int64(2), np.int64(3), np.int64(4), np.int64(6), np.int64(7), np.int64(8)]"
157,66,RIBR,BAGL,chemical,8,1,8,"[np.int64(1), np.int64(2), np.int64(3), np.int64(4), np.int64(5), np.int64(6), np.int64(7), np.int64(8)]"
157,155,RIBR,RIAR,chemical,7,1,8,"[np.int64(1), np.int64(3), np.int64(4), np.int64(5), np.int64(6), np.int64(7), np.int64(8)]"
157,157,RIBR,RIBR,electrical,7,1,8,"[np.int64(1), np.int64(2), np.int64(3), np.int64(4), np.int64(6), np.int64(7), np.int64(8)]"
158,42,RICL,AVAL,chemical,8,1,8,"[np.int64(1), np.int64(2), np.int64(3), np.int64(4), np.int64(5), np.int64(6), np.int64(7), np.int64(8)]"
158,43,RICL,AVAR,chemical,8,1,8,"[np.int64(1), np.int64(2), np.int64(3), np.int64(4), np.int64(5), np.int64(6), np.int64(7), np.int64(8)]"
158,209,RICL,SMDDR,chemical,8,1,8,"[np.int64(1), np.int64(2), np.int64(3), np.int64(4), np.int64(5), np.int64(6), np.int64(7), np.int64(8)]"
159,42,RICR,AVAL,chemical,8,1,8,"[np.int64(1), np.int64(2), np.int64(3), np.int64(4), np.int64(5), np.int64(6), np.int64(7), np.int64(8)]"
159,43,RICR,AVAR,chemical,8,1,8,"[np.int64(1), np.int64(2), np.int64(3), np.int64(4), np.int64(5), np.int64(6), np.int64(7), np.int64(8)]"
159,208,RICR,SMDDL,chemical,7,1,8,"[np.int64(1), np.int64(2), np.int64(3), np.int64(4), np.int64(5), np.int64(6), np.int64(8)]"
159,209,RICR,SMDDR,chemical,7,1,7,"[np.int64(1), np.int64(2), np.int64(3), np.int64(4), np.int64(5), np.int64(6), np.int64(7)]"
161,32,RIFL,ASHL,chemical,8,1,8,"[np.int64(1), np.int64(2), np.int64(3), np.int64(4), np.int64(5), np.int64(6), np.int64(7), np.int64(8)]"
161,44,RIFL,AVBL,chemical,8,1,8,"[np.int64(1), np.int64(2), np.int64(3), np.int64(4), np.int64(5), np.int64(6), np.int64(7), np.int64(8)]"
161,55,RIFL,AVJR,chemical,8,1,8,"[np.int64(1), np.int64(2), np.int64(3), np.int64(4), np.int64(5), np.int64(6), np.int64(7), np.int64(8)]"
162,45,RIFR,AVBR,chemical,8,1,8,"[np.int64(1), np.int64(2), np.int64(3), np.int64(4), np.int64(5), np.int64(6), np.int64(7), np.int64(8)]"
162,54,RIFR,AVJL,chemical,7,1,7,"[np.int64(1), np.int64(2), np.int64(3), np.int64(4), np.int64(5), np.int64(6), np.int64(7)]"
163,57,RIGL,AVKR,chemical,7,1,8,"[np.int64(1), np.int64(2), np.int64(4), np.int64(5), np.int64(6), np.int64(7), np.int64(8)]"
163,67,RIGL,BAGR,chemical,8,1,8,"[np.int64(1), np.int64(2), np.int64(3), np.int64(4), np.int64(5), np.int64(6), np.int64(7), np.int64(8)]"
163,140,RIGL,OLQVL,chemical,8,1,8,"[np.int64(1), np.int64(2), np.int64(3), np.int64(4), np.int64(5), np.int64(6), np.int64(7), np.int64(8)]"
163,164,RIGL,RIGR,electrical,8,1,8,"[np.int64(1), np.int64(2), np.int64(3), np.int64(4), np.int64(5), np.int64(6), np.int64(7), np.int64(8)]"
163,170,RIGL,RIR,chemical,7,1,8,"[np.int64(1), np.int64(2), np.int64(4), np.int64(5), np.int64(6), np.int64(7), np.int64(8)]"
163,186,RIGL,RMGL,chemical,7,1,7,"[np.int64(1), np.int64(2), np.int64(3), np.int64(4), np.int64(5), np.int64(6), np.int64(7)]"
163,222,RIGL,URYVL,chemical,7,1,8,"[np.int64(1), np.int64(2), np.int64(4), np.int64(5), np.int64(6), np.int64(7), np.int64(8)]"
163,222,RIGL,URYVL,electrical,7,1,8,"[np.int64(1), np.int64(2), np.int64(4), np.int64(5), np.int64(6), np.int64(7), np.int64(8)]"
164,21,RIGR,AIZR,chemical,7,1,8,"[np.int64(1), np.int64(2), np.int64(4), np.int64(5), np.int64(6), np.int64(7), np.int64(8)]"
164,56,RIGR,AVKL,chemical,7,1,8,"[np.int64(1), np.int64(2), np.int64(4), np.int64(5), np.int64(6), np.int64(7), np.int64(8)]"
164,66,RIGR,BAGL,chemical,8,1,8,"[np.int64(1), np.int64(2), np.int64(3), np.int64(4), np.int64(5), np.int64(6), np.int64(7), np.int64(8)]"
164,141,RIGR,OLQVR,chemical,8,1,8,"[np.int64(1), np.int64(2), np.int64(3), np.int64(4), np.int64(5), np.int64(6), np.int64(7), np.int64(8)]"
164,157,RIGR,RIBR,chemical,8,1,8,"[np.int64(1), np.int64(2), np.int64(3), np.int64(4), np.int64(5), np.int64(6), np.int64(7), np.int64(8)]"
164,170,RIGR,RIR,chemical,7,1,8,"[np.int64(1), np.int64(2), np.int64(4), np.int64(5), np.int64(6), np.int64(7), np.int64(8)]"
164,187,RIGR,RMGR,chemical,8,1,8,"[np.int64(1), np.int64(2), np.int64(3), np.int64(4), np.int64(5), np.int64(6), np.int64(7), np.int64(8)]"
164,223,RIGR,URYVR,chemical,8,1,8,"[np.int64(1), np.int64(2), np.int64(3), np.int64(4), np.int64(5), np.int64(6), np.int64(7), np.int64(8)]"
164,223,RIGR,URYVR,electrical,7,1,8,"[np.int64(1), np.int64(2), np.int64(4), np.int64(5), np.int64(6), np.int64(7), np.int64(8)]"
165,20,RIH,AIZL,chemical,7,1,8,"[np.int64(1), np.int64(2), np.int64(3), np.int64(5), np.int64(6), np.int64(7), np.int64(8)]"
165,21,RIH,AIZR,chemical,8,1,8,"[np.int64(1), np.int64(2), np.int64(3), np.int64(4), np.int64(5), np.int64(6), np.int64(7), np.int64(8)]"
165,138,RIH,OLQDL,chemical,8,1,8,"[np.int64(1), np.int64(2), np.int64(3), np.int64(4), np.int64(5), np.int64(6), np.int64(7), np.int64(8)]"
165,139,RIH,OLQDR,chemical,8,1,8,"[np.int64(1), np.int64(2), np.int64(3), np.int64(4), np.int64(5), np.int64(6), np.int64(7), np.int64(8)]"
165,140,RIH,OLQVL,chemical,8,1,8,"[np.int64(1), np.int64(2), np.int64(3), np.int64(4), np.int64(5), np.int64(6), np.int64(7), np.int64(8)]"
165,141,RIH,OLQVR,chemical,8,1,8,"[np.int64(1), np.int64(2), np.int64(3), np.int64(4), np.int64(5), np.int64(6), np.int64(7), np.int64(8)]"
165,154,RIH,RIAL,chemical,8,1,8,"[np.int64(1), np.int64(2), np.int64(3), np.int64(4), np.int64(5), np.int64(6), np.int64(7), np.int64(8)]"
165,155,RIH,RIAR,chemical,8,1,8,"[np.int64(1), np.int64(2), np.int64(3), np.int64(4), np.int64(5), np.int64(6), np.int64(7), np.int64(8)]"
165,156,RIH,RIBL,chemical,8,1,8,"[np.int64(1), np.int64(2), np.int64(3), np.int64(4), np.int64(5), np.int64(6), np.int64(7), np.int64(8)]"
165,168,RIH,RIPL,chemical,8,1,8,"[np.int64(1), np.int64(2), np.int64(3), np.int64(4), np.int64(5), np.int64(6), np.int64(7), np.int64(8)]"
165,169,RIH,RIPR,chemical,8,1,8,"[np.int64(1), np.int64(2), np.int64(3), np.int64(4), np.int64(5), np.int64(6), np.int64(7), np.int64(8)]"
166,13,RIML,AIBR,chemical,8,1,8,"[np.int64(1), np.int64(2), np.int64(3), np.int64(4), np.int64(5), np.int64(6), np.int64(7), np.int64(8)]"
166,44,RIML,AVBL,chemical,8,1,8,"[np.int64(1), np.int64(2), np.int64(3), np.int64(4), np.int64(5), np.int64(6), np.int64(7), np.int64(8)]"
166,45,RIML,AVBR,chemical,8,1,8,"[np.int64(1), np.int64(2), np.int64(3), np.int64(4), np.int64(5), np.int64(6), np.int64(7), np.int64(8)]"
166,97,RIML,BWM-VR04,chemical,8,1,8,"[np.int64(1), np.int64(2), np.int64(3), np.int64(4), np.int64(5), np.int64(6), np.int64(7), np.int64(8)]"
166,156,RIML,RIBL,chemical,8,1,8,"[np.int64(1), np.int64(2), np.int64(3), np.int64(4), np.int64(5), np.int64(6), np.int64(7), np.int64(8)]"
166,177,RIML,RMDR,chemical,8,1,8,"[np.int64(1), np.int64(2), np.int64(3), np.int64(4), np.int64(5), np.int64(6), np.int64(7), np.int64(8)]"
166,208,RIML,SMDDL,chemical,8,1,8,"[np.int64(1), np.int64(2), np.int64(3), np.int64(4), np.int64(5), np.int64(6), np.int64(7), np.int64(8)]"
166,209,RIML,SMDDR,chemical,8,1,8,"[np.int64(1), np.int64(2), np.int64(3), np.int64(4), np.int64(5), np.int64(6), np.int64(7), np.int64(8)]"
166,211,RIML,SMDVR,chemical,7,1,8,"[np.int64(1), np.int64(2), np.int64(4), np.int64(5), np.int64(6), np.int64(7), np.int64(8)]"
167,44,RIMR,AVBL,chemical,8,1,8,"[np.int64(1), np.int64(2), np.int64(3), np.int64(4), np.int64(5), np.int64(6), np.int64(7), np.int64(8)]"
167,73,RIMR,BWM-DL04,chemical,7,1,8,"[np.int64(1), np.int64(3), np.int64(4), np.int64(5), np.int64(6), np.int64(7), np.int64(8)]"
167,176,RIMR,RMDL,chemical,8,1,8,"[np.int64(1), np.int64(2), np.int64(3), np.int64(4), np.int64(5), np.int64(6), np.int64(7), np.int64(8)]"
167,193,RIMR,SAAVR,chemical,8,1,8,"[np.int64(1), np.int64(2), np.int64(3), np.int64(4), np.int64(5), np.int64(6), np.int64(7), np.int64(8)]"
167,208,RIMR,SMDDL,chemical,8,1,8,"[np.int64(1), np.int64(2), np.int64(3), np.int64(4), np.int64(5), np.int64(6), np.int64(7), np.int64(8)]"
167,209,RIMR,SMDDR,chemical,8,1,8,"[np.int64(1), np.int64(2), np.int64(3), np.int64(4), np.int64(5), np.int64(6), np.int64(7), np.int64(8)]"
167,210,RIMR,SMDVL,chemical,7,1,8,"[np.int64(1), np.int64(2), np.int64(4), np.int64(5), np.int64(6), np.int64(7), np.int64(8)]"
167,211,RIMR,SMDVR,chemical,8,1,8,"[np.int64(1), np.int64(2), np.int64(3), np.int64(4), np.int64(5), np.int64(6), np.int64(7), np.int64(8)]"
170,21,RIR,AIZR,chemical,8,1,8,"[np.int64(1), np.int64(2), np.int64(3), np.int64(4), np.int64(5), np.int64(6), np.int64(7), np.int64(8)]"
170,112,RIR,DVA,chemical,8,1,8,"[np.int64(1), np.int64(2), np.int64(3), np.int64(4), np.int64(5), np.int64(6), np.int64(7), np.int64(8)]"
170,154,RIR,RIAL,chemical,8,1,8,"[np.int64(1), np.int64(2), np.int64(3), np.int64(4), np.int64(5), np.int64(6), np.int64(7), np.int64(8)]"
170,155,RIR,RIAR,chemical,8,1,8,"[np.int64(1), np.int64(2), np.int64(3), np.int64(4), np.int64(5), np.int64(6), np.int64(7), np.int64(8)]"
170,218,RIR,URXL,chemical,8,1,8,"[np.int64(1), np.int64(2), np.int64(3), np.int64(4), np.int64(5), np.int64(6), np.int64(7), np.int64(8)]"
170,219,RIR,URXR,chemical,8,1,8,"[np.int64(1), np.int64(2), np.int64(3), np.int64(4), np.int64(5), np.int64(6), np.int64(7), np.int64(8)]"
171,48,RIS,AVEL,chemical,8,1,8,"[np.int64(1), np.int64(2), np.int64(3), np.int64(4), np.int64(5), np.int64(6), np.int64(7), np.int64(8)]"
171,49,RIS,AVER,chemical,8,1,8,"[np.int64(1), np.int64(2), np.int64(3), np.int64(4), np.int64(5), np.int64(6), np.int64(7), np.int64(8)]"
171,103,RIS,CEPDL,chemical,7,1,8,"[np.int64(1), np.int64(2), np.int64(3), np.int64(5), np.int64(6), np.int64(7), np.int64(8)]"
171,105,RIS,CEPVL,chemical,8,1,8,"[np.int64(1), np.int64(2), np.int64(3), np.int64(4), np.int64(5), np.int64(6), np.int64(7), np.int64(8)]"
171,106,RIS,CEPVR,chemical,8,1,8,"[np.int64(1), np.int64(2), np.int64(3), np.int64(4), np.int64(5), np.int64(6), np.int64(7), np.int64(8)]"
171,156,RIS,RIBL,chemical,8,1,8,"[np.int64(1), np.int64(2), np.int64(3), np.int64(4), np.int64(5), np.int64(6), np.int64(7), np.int64(8)]"
171,157,RIS,RIBR,chemical,8,1,8,"[np.int64(1), np.int64(2), np.int64(3), np.int64(4), np.int64(5), np.int64(6), np.int64(7), np.int64(8)]"
172,175,RIVL,RMDDR,chemical,7,1,8,"[np.int64(1), np.int64(2), np.int64(3), np.int64(4), np.int64(5), np.int64(6), np.int64(8)]"
172,191,RIVL,SAADR,chemical,8,1,8,"[np.int64(1), np.int64(2), np.int64(3), np.int64(4), np.int64(5), np.int64(6), np.int64(7), np.int64(8)]"
173,154,RIVR,RIAL,chemical,8,1,8,"[np.int64(1), np.int64(2), np.int64(3), np.int64(4), np.int64(5), np.int64(6), np.int64(7), np.int64(8)]"
173,190,RIVR,SAADL,chemical,8,1,8,"[np.int64(1), np.int64(2), np.int64(3), np.int64(4), np.int64(5), np.int64(6), np.int64(7), np.int64(8)]"
173,208,RIVR,SMDDL,chemical,7,1,8,"[np.int64(1), np.int64(3), np.int64(4), np.int64(5), np.int64(6), np.int64(7), np.int64(8)]"
174,78,RMDDL,BWM-DR01,chemical,8,1,8,"[np.int64(1), np.int64(2), np.int64(3), np.int64(4), np.int64(5), np.int64(6), np.int64(7), np.int64(8)]"
174,79,RMDDL,BWM-DR02,chemical,8,1,8,"[np.int64(1), np.int64(2), np.int64(3), np.int64(4), np.int64(5), np.int64(6), np.int64(7), np.int64(8)]"
174,80,RMDDL,BWM-DR03,chemical,8,1,8,"[np.int64(1), np.int64(2), np.int64(3), np.int64(4), np.int64(5), np.int64(6), np.int64(7), np.int64(8)]"
174,179,RMDDL,RMDVR,chemical,8,1,8,"[np.int64(1), np.int64(2), np.int64(3), np.int64(4), np.int64(5), np.int64(6), np.int64(7), np.int64(8)]"
175,70,RMDDR,BWM-DL01,chemical,8,1,8,"[np.int64(1), np.int64(2), np.int64(3), np.int64(4), np.int64(5), np.int64(6), np.int64(7), np.int64(8)]"
175,71,RMDDR,BWM-DL02,chemical,8,1,8,"[np.int64(1), np.int64(2), np.int64(3), np.int64(4), np.int64(5), np.int64(6), np.int64(7), np.int64(8)]"
175,72,RMDDR,BWM-DL03,chemical,8,1,8,"[np.int64(1), np.int64(2), np.int64(3), np.int64(4), np.int64(5), np.int64(6), np.int64(7), np.int64(8)]"
175,178,RMDDR,RMDVL,chemical,8,1,8,"[np.int64(1), np.int64(2), np.int64(3), np.int64(4), np.int64(5), np.int64(6), np.int64(7), np.int64(8)]"
175,191,RMDDR,SAADR,electrical,7,1,8,"[np.int64(1), np.int64(2), np.int64(4), np.int64(5), np.int64(6), np.int64(7), np.int64(8)]"
176,95,RMDL,BWM-VR02,chemical,8,1,8,"[np.int64(1), np.int64(2), np.int64(3), np.int64(4), np.int64(5), np.int64(6), np.int64(7), np.int64(8)]"
176,127,RMDL,IL1R,chemical,8,1,8,"[np.int64(1), np.int64(2), np.int64(3), np.int64(4), np.int64(5), np.int64(6), np.int64(7), np.int64(8)]"
176,154,RMDL,RIAL,chemical,8,1,8,"[np.int64(1), np.int64(2), np.int64(3), np.int64(4), np.int64(5), np.int64(6), np.int64(7), np.int64(8)]"
176,155,RMDL,RIAR,chemical,8,1,8,"[np.int64(1), np.int64(2), np.int64(3), np.int64(4), np.int64(5), np.int64(6), np.int64(7), np.int64(8)]"
176,175,RMDL,RMDDR,chemical,7,1,8,"[np.int64(1), np.int64(2), np.int64(3), np.int64(4), np.int64(6), np.int64(7), np.int64(8)]"
176,177,RMDL,RMDR,chemical,8,1,8,"[np.int64(1), np.int64(2), np.int64(3), np.int64(4), np.int64(5), np.int64(6), np.int64(7), np.int64(8)]"
177,71,RMDR,BWM-DL02,chemical,7,1,8,"[np.int64(1), np.int64(2), np.int64(3), np.int64(4), np.int64(5), np.int64(7), np.int64(8)]"
177,73,RMDR,BWM-DL04,chemical,8,1,8,"[np.int64(1), np.int64(2), np.int64(3), np.int64(4), np.int64(5), np.int64(6), np.int64(7), np.int64(8)]"
177,87,RMDR,BWM-VL02,chemical,8,1,8,"[np.int64(1), np.int64(2), np.int64(3), np.int64(4), np.int64(5), np.int64(6), np.int64(7), np.int64(8)]"
177,126,RMDR,IL1L,chemical,8,1,8,"[np.int64(1), np.int64(2), np.int64(3), np.int64(4), np.int64(5), np.int64(6), np.int64(7), np.int64(8)]"
177,154,RMDR,RIAL,chemical,8,1,8,"[np.int64(1), np.int64(2), np.int64(3), np.int64(4), np.int64(5), np.int64(6), np.int64(7), np.int64(8)]"
177,155,RMDR,RIAR,chemical,8,1,8,"[np.int64(1), np.int64(2), np.int64(3), np.int64(4), np.int64(5), np.int64(6), np.int64(7), np.int64(8)]"
177,176,RMDR,RMDL,chemical,8,1,8,"[np.int64(1), np.int64(2), np.int64(3), np.int64(4), np.int64(5), np.int64(6), np.int64(7), np.int64(8)]"
177,178,RMDR,RMDVL,chemical,8,1,8,"[np.int64(1), np.int64(2), np.int64(3), np.int64(4), np.int64(5), np.int64(6), np.int64(7), np.int64(8)]"
178,94,RMDVL,BWM-VR01,chemical,8,1,8,"[np.int64(1), np.int64(2), np.int64(3), np.int64(4), np.int64(5), np.int64(6), np.int64(7), np.int64(8)]"
178,95,RMDVL,BWM-VR02,chemical,8,1,8,"[np.int64(1), np.int64(2), np.int64(3), np.int64(4), np.int64(5), np.int64(6), np.int64(7), np.int64(8)]"
178,97,RMDVL,BWM-VR04,chemical,8,1,8,"[np.int64(1), np.int64(2), np.int64(3), np.int64(4), np.int64(5), np.int64(6), np.int64(7), np.int64(8)]"
178,175,RMDVL,RMDDR,chemical,8,1,8,"[np.int64(1), np.int64(2), np.int64(3), np.int64(4), np.int64(5), np.int64(6), np.int64(7), np.int64(8)]"
179,86,RMDVR,BWM-VL01,chemical,8,1,8,"[np.int64(1), np.int64(2), np.int64(3), np.int64(4), np.int64(5), np.int64(6), np.int64(7), np.int64(8)]"
179,87,RMDVR,BWM-VL02,chemical,8,1,8,"[np.int64(1), np.int64(2), np.int64(3), np.int64(4), np.int64(5), np.int64(6), np.int64(7), np.int64(8)]"
179,88,RMDVR,BWM-VL03,chemical,8,1,8,"[np.int64(1), np.int64(2), np.int64(3), np.int64(4), np.int64(5), np.int64(6), np.int64(7), np.int64(8)]"
179,89,RMDVR,BWM-VL04,chemical,8,1,8,"[np.int64(1), np.int64(2), np.int64(3), np.int64(4), np.int64(5), np.int64(6), np.int64(7), np.int64(8)]"
179,174,RMDVR,RMDDL,chemical,8,1,8,"[np.int64(1), np.int64(2), np.int64(3), np.int64(4), np.int64(5), np.int64(6), np.int64(7), np.int64(8)]"
179,193,RMDVR,SAAVR,electrical,8,1,8,"[np.int64(1), np.int64(2), np.int64(3), np.int64(4), np.int64(5), np.int64(6), np.int64(7), np.int64(8)]"
180,86,RMED,BWM-VL01,chemical,8,1,8,"[np.int64(1), np.int64(2), np.int64(3), np.int64(4), np.int64(5), np.int64(6), np.int64(7), np.int64(8)]"
180,94,RMED,BWM-VR01,chemical,8,1,8,"[np.int64(1), np.int64(2), np.int64(3), np.int64(4), np.int64(5), np.int64(6), np.int64(7), np.int64(8)]"
180,96,RMED,BWM-VR03,chemical,7,1,8,"[np.int64(1), np.int64(2), np.int64(4), np.int64(5), np.int64(6), np.int64(7), np.int64(8)]"
180,178,RMED,RMDVL,chemical,7,1,8,"[np.int64(1), np.int64(2), np.int64(3), np.int64(4), np.int64(5), np.int64(6), np.int64(8)]"
180,179,RMED,RMDVR,chemical,7,1,7,"[np.int64(1), np.int64(2), np.int64(3), np.int64(4), np.int64(5), np.int64(6), np.int64(7)]"
180,208,RMED,SMDDL,chemical,8,1,8,"[np.int64(1), np.int64(2), np.int64(3), np.int64(4), np.int64(5), np.int64(6), np.int64(7), np.int64(8)]"
180,209,RMED,SMDDR,chemical,8,1,8,"[np.int64(1), np.int64(2), np.int64(3), np.int64(4), np.int64(5), np.int64(6), np.int64(7), np.int64(8)]"
181,79,RMEL,BWM-DR02,chemical,8,1,8,"[np.int64(1), np.int64(2), np.int64(3), np.int64(4), np.int64(5), np.int64(6), np.int64(7), np.int64(8)]"
181,95,RMEL,BWM-VR02,chemical,8,1,8,"[np.int64(1), np.int64(2), np.int64(3), np.int64(4), np.int64(5), np.int64(6), np.int64(7), np.int64(8)]"
182,71,RMER,BWM-DL02,chemical,8,1,8,"[np.int64(1), np.int64(2), np.int64(3), np.int64(4), np.int64(5), np.int64(6), np.int64(7), np.int64(8)]"
182,87,RMER,BWM-VL02,chemical,8,1,8,"[np.int64(1), np.int64(2), np.int64(3), np.int64(4), np.int64(5), np.int64(6), np.int64(7), np.int64(8)]"
183,70,RMEV,BWM-DL01,chemical,8,1,8,"[np.int64(1), np.int64(2), np.int64(3), np.int64(4), np.int64(5), np.int64(6), np.int64(7), np.int64(8)]"
183,78,RMEV,BWM-DR01,chemical,8,1,8,"[np.int64(1), np.int64(2), np.int64(3), np.int64(4), np.int64(5), np.int64(6), np.int64(7), np.int64(8)]"
183,211,RMEV,SMDVR,chemical,7,1,8,"[np.int64(1), np.int64(2), np.int64(3), np.int64(4), np.int64(5), np.int64(6), np.int64(8)]"
186,177,RMGL,RMDR,chemical,8,1,8,"[np.int64(1), np.int64(2), np.int64(3), np.int64(4), np.int64(5), np.int64(6), np.int64(7), np.int64(8)]"
186,178,RMGL,RMDVL,chemical,8,1,8,"[np.int64(1), np.int64(2), np.int64(3), np.int64(4), np.int64(5), np.int64(6), np.int64(7), np.int64(8)]"
187,176,RMGR,RMDL,chemical,8,1,8,"[np.int64(1), np.int64(2), np.int64(3), np.int64(4), np.int64(5), np.int64(6), np.int64(7), np.int64(8)]"
187,179,RMGR,RMDVR,chemical,7,1,8,"[np.int64(1), np.int64(2), np.int64(3), np.int64(5), np.int64(6), np.int64(7), np.int64(8)]"
190,42,SAADL,AVAL,chemical,8,1,8,"[np.int64(1), np.int64(2), np.int64(3), np.int64(4), np.int64(5), np.int64(6), np.int64(7), np.int64(8)]"
190,166,SAADL,RIML,chemical,8,1,8,"[np.int64(1), np.int64(2), np.int64(3), np.int64(4), np.int64(5), np.int64(6), np.int64(7), np.int64(8)]"
190,167,SAADL,RIMR,chemical,8,1,8,"[np.int64(1), np.int64(2), np.int64(3), np.int64(4), np.int64(5), np.int64(6), np.int64(7), np.int64(8)]"
191,43,SAADR,AVAR,chemical,8,1,8,"[np.int64(1), np.int64(2), np.int64(3), np.int64(4), np.int64(5), np.int64(6), np.int64(7), np.int64(8)]"
191,166,SAADR,RIML,chemical,8,1,8,"[np.int64(1), np.int64(2), np.int64(3), np.int64(4), np.int64(5), np.int64(6), np.int64(7), np.int64(8)]"
191,167,SAADR,RIMR,chemical,8,1,8,"[np.int64(1), np.int64(2), np.int64(3), np.int64(4), np.int64(5), np.int64(6), np.int64(7), np.int64(8)]"
192,42,SAAVL,AVAL,chemical,8,1,8,"[np.int64(1), np.int64(2), np.int64(3), np.int64(4), np.int64(5), np.int64(6), np.int64(7), np.int64(8)]"
192,166,SAAVL,RIML,chemical,8,1,8,"[np.int64(1), np.int64(2), np.int64(3), np.int64(4), np.int64(5), np.int64(6), np.int64(7), np.int64(8)]"
192,167,SAAVL,RIMR,chemical,8,1,8,"[np.int64(1), np.int64(2), np.int64(3), np.int64(4), np.int64(5), np.int64(6), np.int64(7), np.int64(8)]"
193,43,SAAVR,AVAR,chemical,8,1,8,"[np.int64(1), np.int64(2), np.int64(3), np.int64(4), np.int64(5), np.int64(6), np.int64(7), np.int64(8)]"
193,166,SAAVR,RIML,chemical,8,1,8,"[np.int64(1), np.int64(2), np.int64(3), np.int64(4), np.int64(5), np.int64(6), np.int64(7), np.int64(8)]"
193,208,SAAVR,SMDDL,chemical,8,1,8,"[np.int64(1), np.int64(2), np.int64(3), np.int64(4), np.int64(5), np.int64(6), np.int64(7), np.int64(8)]"
204,78,SMBDL,BWM-DR01,chemical,7,1,8,"[np.int64(1), np.int64(2), np.int64(3), np.int64(4), np.int64(5), np.int64(6), np.int64(8)]"
204,80,SMBDL,BWM-DR03,chemical,8,1,8,"[np.int64(1), np.int64(2), np.int64(3), np.int64(4), np.int64(5), np.int64(6), np.int64(7), np.int64(8)]"
204,82,SMBDL,BWM-DR05,chemical,8,1,8,"[np.int64(1), np.int64(2), np.int64(3), np.int64(4), np.int64(5), np.int64(6), np.int64(7), np.int64(8)]"
204,180,SMBDL,RMED,chemical,8,1,8,"[np.int64(1), np.int64(2), np.int64(3), np.int64(4), np.int64(5), np.int64(6), np.int64(7), np.int64(8)]"
204,193,SMBDL,SAAVR,chemical,8,1,8,"[np.int64(1), np.int64(2), np.int64(3), np.int64(4), np.int64(5), np.int64(6), np.int64(7), np.int64(8)]"
205,70,SMBDR,BWM-DL01,chemical,8,1,8,"[np.int64(1), np.int64(2), np.int64(3), np.int64(4), np.int64(5), np.int64(6), np.int64(7), np.int64(8)]"
205,71,SMBDR,BWM-DL02,chemical,8,1,8,"[np.int64(1), np.int64(2), np.int64(3), np.int64(4), np.int64(5), np.int64(6), np.int64(7), np.int64(8)]"
205,72,SMBDR,BWM-DL03,chemical,8,1,8,"[np.int64(1), np.int64(2), np.int64(3), np.int64(4), np.int64(5), np.int64(6), np.int64(7), np.int64(8)]"
205,73,SMBDR,BWM-DL04,chemical,8,1,8,"[np.int64(1), np.int64(2), np.int64(3), np.int64(4), np.int64(5), np.int64(6), np.int64(7), np.int64(8)]"
205,180,SMBDR,RMED,chemical,8,1,8,"[np.int64(1), np.int64(2), np.int64(3), np.int64(4), np.int64(5), np.int64(6), np.int64(7), np.int64(8)]"
205,192,SMBDR,SAAVL,chemical,8,1,8,"[np.int64(1), np.int64(2), np.int64(3), np.int64(4), np.int64(5), np.int64(6), np.int64(7), np.int64(8)]"
206,86,SMBVL,BWM-VL01,chemical,8,1,8,"[np.int64(1), np.int64(2), np.int64(3), np.int64(4), np.int64(5), np.int64(6), np.int64(7), np.int64(8)]"
206,87,SMBVL,BWM-VL02,chemical,8,1,8,"[np.int64(1), np.int64(2), np.int64(3), np.int64(4), np.int64(5), np.int64(6), np.int64(7), np.int64(8)]"
206,88,SMBVL,BWM-VL03,chemical,8,1,8,"[np.int64(1), np.int64(2), np.int64(3), np.int64(4), np.int64(5), np.int64(6), np.int64(7), np.int64(8)]"
206,89,SMBVL,BWM-VL04,chemical,8,1,8,"[np.int64(1), np.int64(2), np.int64(3), np.int64(4), np.int64(5), np.int64(6), np.int64(7), np.int64(8)]"
206,183,SMBVL,RMEV,chemical,8,1,8,"[np.int64(1), np.int64(2), np.int64(3), np.int64(4), np.int64(5), np.int64(6), np.int64(7), np.int64(8)]"
206,190,SMBVL,SAADL,chemical,8,1,8,"[np.int64(1), np.int64(2), np.int64(3), np.int64(4), np.int64(5), np.int64(6), np.int64(7), np.int64(8)]"
207,94,SMBVR,BWM-VR01,chemical,8,1,8,"[np.int64(1), np.int64(2), np.int64(3), np.int64(4), np.int64(5), np.int64(6), np.int64(7), np.int64(8)]"
207,96,SMBVR,BWM-VR03,chemical,8,1,8,"[np.int64(1), np.int64(2), np.int64(3), np.int64(4), np.int64(5), np.int64(6), np.int64(7), np.int64(8)]"
207,97,SMBVR,BWM-VR04,chemical,8,1,8,"[np.int64(1), np.int64(2), np.int64(3), np.int64(4), np.int64(5), np.int64(6), np.int64(7), np.int64(8)]"
207,183,SMBVR,RMEV,chemical,8,1,8,"[np.int64(1), np.int64(2), np.int64(3), np.int64(4), np.int64(5), np.int64(6), np.int64(7), np.int64(8)]"
207,191,SMBVR,SAADR,chemical,8,1,8,"[np.int64(1), np.int64(2), np.int64(3), np.int64(4), np.int64(5), np.int64(6), np.int64(7), np.int64(8)]"
208,78,SMDDL,BWM-DR01,chemical,8,1,8,"[np.int64(1), np.int64(2), np.int64(3), np.int64(4), np.int64(5), np.int64(6), np.int64(7), np.int64(8)]"
208,80,SMDDL,BWM-DR03,chemical,8,1,8,"[np.int64(1), np.int64(2), np.int64(3), np.int64(4), np.int64(5), np.int64(6), np.int64(7), np.int64(8)]"
208,154,SMDDL,RIAL,chemical,8,1,8,"[np.int64(1), np.int64(2), np.int64(3), np.int64(4), np.int64(5), np.int64(6), np.int64(7), np.int64(8)]"
208,155,SMDDL,RIAR,chemical,8,1,8,"[np.int64(1), np.int64(2), np.int64(3), np.int64(4), np.int64(5), np.int64(6), np.int64(7), np.int64(8)]"
208,209,SMDDL,SMDDR,electrical,8,1,8,"[np.int64(1), np.int64(2), np.int64(3), np.int64(4), np.int64(5), np.int64(6), np.int64(7), np.int64(8)]"
208,211,SMDDL,SMDVR,chemical,8,1,8,"[np.int64(1), np.int64(2), np.int64(3), np.int64(4), np.int64(5), np.int64(6), np.int64(7), np.int64(8)]"
209,70,SMDDR,BWM-DL01,chemical,7,1,8,"[np.int64(1), np.int64(2), np.int64(4), np.int64(5), np.int64(6), np.int64(7), np.int64(8)]"
209,72,SMDDR,BWM-DL03,chemical,8,1,8,"[np.int64(1), np.int64(2), np.int64(3), np.int64(4), np.int64(5), np.int64(6), np.int64(7), np.int64(8)]"
209,154,SMDDR,RIAL,chemical,8,1,8,"[np.int64(1), np.int64(2), np.int64(3), np.int64(4), np.int64(5), np.int64(6), np.int64(7), np.int64(8)]"
209,155,SMDDR,RIAR,chemical,8,1,8,"[np.int64(1), np.int64(2), np.int64(3), np.int64(4), np.int64(5), np.int64(6), np.int64(7), np.int64(8)]"
209,210,SMDDR,SMDVL,chemical,8,1,8,"[np.int64(1), np.int64(2), np.int64(3), np.int64(4), np.int64(5), np.int64(6), np.int64(7), np.int64(8)]"
210,94,SMDVL,BWM-VR01,chemical,8,1,8,"[np.int64(1), np.int64(2), np.int64(3), np.int64(4), np.int64(5), np.int64(6), np.int64(7), np.int64(8)]"
210,96,SMDVL,BWM-VR03,chemical,8,1,8,"[np.int64(1), np.int64(2), np.int64(3), np.int64(4), np.int64(5), np.int64(6), np.int64(7), np.int64(8)]"
210,154,SMDVL,RIAL,chemical,8,1,8,"[np.int64(1), np.int64(2), np.int64(3), np.int64(4), np.int64(5), np.int64(6), np.int64(7), np.int64(8)]"
210,155,SMDVL,RIAR,chemical,8,1,8,"[np.int64(1), np.int64(2), np.int64(3), np.int64(4), np.int64(5), np.int64(6), np.int64(7), np.int64(8)]"
210,209,SMDVL,SMDDR,chemical,8,1,8,"[np.int64(1), np.int64(2), np.int64(3), np.int64(4), np.int64(5), np.int64(6), np.int64(7), np.int64(8)]"
211,86,SMDVR,BWM-VL01,chemical,8,1,8,"[np.int64(1), np.int64(2), np.int64(3), np.int64(4), np.int64(5), np.int64(6), np.int64(7), np.int64(8)]"
211,88,SMDVR,BWM-VL03,chemical,8,1,8,"[np.int64(1), np.int64(2), np.int64(3), np.int64(4), np.int64(5), np.int64(6), np.int64(7), np.int64(8)]"
211,154,SMDVR,RIAL,chemical,8,1,8,"[np.int64(1), np.int64(2), np.int64(3), np.int64(4), np.int64(5), np.int64(6), np.int64(7), np.int64(8)]"
211,155,SMDVR,RIAR,chemical,8,1,8,"[np.int64(1), np.int64(2), np.int64(3), np.int64(4), np.int64(5), np.int64(6), np.int64(7), np.int64(8)]"
211,208,SMDVR,SMDDL,chemical,8,1,8,"[np.int64(1), np.int64(2), np.int64(3), np.int64(4), np.int64(5), np.int64(6), np.int64(7), np.int64(8)]"
212,70,URADL,BWM-DL01,chemical,8,1,8,"[np.int64(1), np.int64(2), np.int64(3), np.int64(4), np.int64(5), np.int64(6), np.int64(7), np.int64(8)]"
212,71,URADL,BWM-DL02,chemical,8,1,8,"[np.int64(1), np.int64(2), np.int64(3), np.int64(4), np.int64(5), np.int64(6), np.int64(7), np.int64(8)]"
212,168,URADL,RIPL,chemical,8,1,8,"[np.int64(1), np.int64(2), np.int64(3), np.int64(4), np.int64(5), np.int64(6), np.int64(7), np.int64(8)]"
212,181,URADL,RMEL,chemical,8,1,8,"[np.int64(1), np.int64(2), np.int64(3), np.int64(4), np.int64(5), np.int64(6), np.int64(7), np.int64(8)]"
213,78,URADR,BWM-DR01,chemical,8,1,8,"[np.int64(1), np.int64(2), np.int64(3), np.int64(4), np.int64(5), np.int64(6), np.int64(7), np.int64(8)]"
213,79,URADR,BWM-DR02,chemical,7,1,8,"[np.int64(1), np.int64(3), np.int64(4), np.int64(5), np.int64(6), np.int64(7), np.int64(8)]"
213,169,URADR,RIPR,chemical,8,1,8,"[np.int64(1), np.int64(2), np.int64(3), np.int64(4), np.int64(5), np.int64(6), np.int64(7), np.int64(8)]"
213,182,URADR,RMER,chemical,8,1,8,"[np.int64(1), np.int64(2), np.int64(3), np.int64(4), np.int64(5), np.int64(6), np.int64(7), np.int64(8)]"
214,86,URAVL,BWM-VL01,chemical,8,1,8,"[np.int64(1), np.int64(2), np.int64(3), np.int64(4), np.int64(5), np.int64(6), np.int64(7), np.int64(8)]"
214,87,URAVL,BWM-VL02,chemical,8,1,8,"[np.int64(1), np.int64(2), np.int64(3), np.int64(4), np.int64(5), np.int64(6), np.int64(7), np.int64(8)]"
214,168,URAVL,RIPL,chemical,8,1,8,"[np.int64(1), np.int64(2), np.int64(3), np.int64(4), np.int64(5), np.int64(6), np.int64(7), np.int64(8)]"
214,181,URAVL,RMEL,chemical,8,1,8,"[np.int64(1), np.int64(2), np.int64(3), np.int64(4), np.int64(5), np.int64(6), np.int64(7), np.int64(8)]"
214,183,URAVL,RMEV,chemical,8,1,8,"[np.int64(1), np.int64(2), np.int64(3), np.int64(4), np.int64(5), np.int64(6), np.int64(7), np.int64(8)]"
215,94,URAVR,BWM-VR01,chemical,8,1,8,"[np.int64(1), np.int64(2), np.int64(3), np.int64(4), np.int64(5), np.int64(6), np.int64(7), np.int64(8)]"
215,95,URAVR,BWM-VR02,chemical,8,1,8,"[np.int64(1), np.int64(2), np.int64(3), np.int64(4), np.int64(5), np.int64(6), np.int64(7), np.int64(8)]"
215,169,URAVR,RIPR,chemical,8,1,8,"[np.int64(1), np.int64(2), np.int64(3), np.int64(4), np.int64(5), np.int64(6), np.int64(7), np.int64(8)]"
215,182,URAVR,RMER,chemical,8,1,8,"[np.int64(1), np.int64(2), np.int64(3), np.int64(4), np.int64(5), np.int64(6), np.int64(7), np.int64(8)]"
215,183,URAVR,RMEV,chemical,7,1,8,"[np.int64(1), np.int64(2), np.int64(4), np.int64(5), np.int64(6), np.int64(7), np.int64(8)]"
216,103,URBL,CEPDL,chemical,8,1,8,"[np.int64(1), np.int64(2), np.int64(3), np.int64(4), np.int64(5), np.int64(6), np.int64(7), np.int64(8)]"
216,126,URBL,IL1L,chemical,8,1,8,"[np.int64(1), np.int64(2), np.int64(3), np.int64(4), np.int64(5), np.int64(6), np.int64(7), np.int64(8)]"
216,218,URBL,URXL,chemical,8,1,8,"[np.int64(1), np.int64(2), np.int64(3), np.int64(4), np.int64(5), np.int64(6), np.int64(7), np.int64(8)]"
217,104,URBR,CEPDR,chemical,8,1,8,"[np.int64(1), np.int64(2), np.int64(3), np.int64(4), np.int64(5), np.int64(6), np.int64(7), np.int64(8)]"
217,127,URBR,IL1R,chemical,8,1,8,"[np.int64(1), np.int64(2), np.int64(3), np.int64(4), np.int64(5), np.int64(6), np.int64(7), np.int64(8)]"
217,219,URBR,URXR,chemical,8,1,8,"[np.int64(1), np.int64(2), np.int64(3), np.int64(4), np.int64(5), np.int64(6), np.int64(7), np.int64(8)]"
218,40,URXL,AUAL,chemical,8,1,8,"[np.int64(1), np.int64(2), np.int64(3), np.int64(4), np.int64(5), np.int64(6), np.int64(7), np.int64(8)]"
218,154,URXL,RIAL,chemical,8,1,8,"[np.int64(1), np.int64(2), np.int64(3), np.int64(4), np.int64(5), np.int64(6), np.int64(7), np.int64(8)]"
218,158,URXL,RICL,chemical,8,1,8,"[np.int64(1), np.int64(2), np.int64(3), np.int64(4), np.int64(5), np.int64(6), np.int64(7), np.int64(8)]"
218,163,URXL,RIGL,chemical,8,1,8,"[np.int64(1), np.int64(2), np.int64(3), np.int64(4), np.int64(5), np.int64(6), np.int64(7), np.int64(8)]"
218,170,URXL,RIR,chemical,7,1,8,"[np.int64(1), np.int64(3), np.int64(4), np.int64(5), np.int64(6), np.int64(7), np.int64(8)]"
219,41,URXR,AUAR,chemical,8,1,8,"[np.int64(1), np.int64(2), np.int64(3), np.int64(4), np.int64(5), np.int64(6), np.int64(7), np.int64(8)]"
219,155,URXR,RIAR,chemical,8,1,8,"[np.int64(1), np.int64(2), np.int64(3), np.int64(4), np.int64(5), np.int64(6), np.int64(7), np.int64(8)]"
219,159,URXR,RICR,chemical,7,1,8,"[np.int64(1), np.int64(2), np.int64(4), np.int64(5), np.int64(6), np.int64(7), np.int64(8)]"
219,164,URXR,RIGR,chemical,8,1,8,"[np.int64(1), np.int64(2), np.int64(3), np.int64(4), np.int64(5), np.int64(6), np.int64(7), np.int64(8)]"
220,49,URYDL,AVER,chemical,8,1,8,"[np.int64(1), np.int64(2), np.int64(3), np.int64(4), np.int64(5), np.int64(6), np.int64(7), np.int64(8)]"
220,156,URYDL,RIBL,chemical,8,1,8,"[np.int64(1), np.int64(2), np.int64(3), np.int64(4), np.int64(5), np.int64(6), np.int64(7), np.int64(8)]"
220,178,URYDL,RMDVL,chemical,8,1,8,"[np.int64(1), np.int64(2), np.int64(3), np.int64(4), np.int64(5), np.int64(6), np.int64(7), np.int64(8)]"
220,209,URYDL,SMDDR,chemical,8,1,8,"[np.int64(1), np.int64(2), np.int64(3), np.int64(4), np.int64(5), np.int64(6), np.int64(7), np.int64(8)]"
221,48,URYDR,AVEL,chemical,8,1,8,"[np.int64(1), np.int64(2), np.int64(3), np.int64(4), np.int64(5), np.int64(6), np.int64(7), np.int64(8)]"
221,157,URYDR,RIBR,chemical,8,1,8,"[np.int64(1), np.int64(2), np.int64(3), np.int64(4), np.int64(5), np.int64(6), np.int64(7), np.int64(8)]"
221,208,URYDR,SMDDL,chemical,8,1,8,"[np.int64(1), np.int64(2), np.int64(3), np.int64(4), np.int64(5), np.int64(6), np.int64(7), np.int64(8)]"
222,49,URYVL,AVER,chemical,8,1,8,"[np.int64(1), np.int64(2), np.int64(3), np.int64(4), np.int64(5), np.int64(6), np.int64(7), np.int64(8)]"
222,156,URYVL,RIBL,chemical,7,1,8,"[np.int64(1), np.int64(2), np.int64(4), np.int64(5), np.int64(6), np.int64(7), np.int64(8)]"
222,174,URYVL,RMDDL,chemical,8,1,8,"[np.int64(1), np.int64(2), np.int64(3), np.int64(4), np.int64(5), np.int64(6), np.int64(7), np.int64(8)]"
222,179,URYVL,RMDVR,chemical,8,1,8,"[np.int64(1), np.int64(2), np.int64(3), np.int64(4), np.int64(5), np.int64(6), np.int64(7), np.int64(8)]"
222,211,URYVL,SMDVR,chemical,8,1,8,"[np.int64(1), np.int64(2), np.int64(3), np.int64(4), np.int64(5), np.int64(6), np.int64(7), np.int64(8)]"
223,48,URYVR,AVEL,chemical,8,1,8,"[np.int64(1), np.int64(2), np.int64(3), np.int64(4), np.int64(5), np.int64(6), np.int64(7), np.int64(8)]"
223,157,URYVR,RIBR,chemical,8,1,8,"[np.int64(1), np.int64(2), np.int64(3), np.int64(4), np.int64(5), np.int64(6), np.int64(7), np.int64(8)]"
223,175,URYVR,RMDDR,chemical,8,1,8,"[np.int64(1), np.int64(2), np.int64(3), np.int64(4), np.int64(5), np.int64(6), np.int64(7), np.int64(8)]"
223,178,URYVR,RMDVL,chemical,8,1,8,"[np.int64(1), np.int64(2), np.int64(3), np.int64(4), np.int64(5), np.int64(6), np.int64(7), np.int64(8)]"
223,210,URYVR,SMDVL,chemical,8,1,8,"[np.int64(1), np.int64(2), np.int64(3), np.int64(4), np.int64(5), np.int64(6), np.int64(7), np.int64(8)]"
0,45,ADAL,AVBR,chemical,7,2,8,"[np.int64(2), np.int64(3), np.int64(4), np.int64(5), np.int64(6), np.int64(7), np.int64(8)]"
1,54,ADAR,AVJL,chemical,7,2,8,"[np.int64(2), np.int64(3), np.int64(4), np.int64(5), np.int64(6), np.int64(7), np.int64(8)]"
3,42,ADER,AVAL,chemical,7,2,8,"[np.int64(2), np.int64(3), np.int64(4), np.int64(5), np.int64(6), np.int64(7), np.int64(8)]"
6,46,ADLL,AVDL,chemical,7,2,8,"[np.int64(2), np.int64(3), np.int64(4), np.int64(5), np.int64(6), np.int64(7), np.int64(8)]"
7,55,ADLR,AVJR,chemical,7,2,8,"[np.int64(2), np.int64(3), np.int64(4), np.int64(5), np.int64(6), np.int64(7), np.int64(8)]"
10,64,AIAL,AWCL,chemical,7,2,8,"[np.int64(2), np.int64(3), np.int64(4), np.int64(5), np.int64(6), np.int64(7), np.int64(8)]"
30,12,ASGL,AIBL,chemical,7,2,8,"[np.int64(2), np.int64(3), np.int64(4), np.int64(5), np.int64(6), np.int64(7), np.int64(8)]"
32,42,ASHL,AVAL,chemical,7,2,8,"[np.int64(2), np.int64(3), np.int64(4), np.int64(5), np.int64(6), np.int64(7), np.int64(8)]"
33,1,ASHR,ADAR,chemical,7,2,8,"[np.int64(2), np.int64(3), np.int64(4), np.int64(5), np.int64(6), np.int64(7), np.int64(8)]"
33,47,ASHR,AVDR,chemical,7,2,8,"[np.int64(2), np.int64(3), np.int64(4), np.int64(5), np.int64(6), np.int64(7), np.int64(8)]"
33,155,ASHR,RIAR,chemical,7,2,8,"[np.int64(2), np.int64(3), np.int64(4), np.int64(5), np.int64(6), np.int64(7), np.int64(8)]"
35,64,ASIR,AWCL,chemical,7,2,8,"[np.int64(2), np.int64(3), np.int64(4), np.int64(5), np.int64(6), np.int64(7), np.int64(8)]"
36,38,ASJL,ASKL,chemical,7,2,8,"[np.int64(2), np.int64(3), np.int64(4), np.int64(5), np.int64(6), np.int64(7), np.int64(8)]"
40,42,AUAL,AVAL,chemical,7,2,8,"[np.int64(2), np.int64(3), np.int64(4), np.int64(5), np.int64(6), np.int64(7), np.int64(8)]"
41,43,AUAR,AVAR,chemical,7,2,8,"[np.int64(2), np.int64(3), np.int64(4), np.int64(5), np.int64(6), np.int64(7), np.int64(8)]"
48,223,AVEL,URYVR,electrical,7,2,8,"[np.int64(2), np.int64(3), np.int64(4), np.int64(5), np.int64(6), np.int64(7), np.int64(8)]"
49,167,AVER,RIMR,electrical,7,2,8,"[np.int64(2), np.int64(3), np.int64(4), np.int64(5), np.int64(6), np.int64(7), np.int64(8)]"
49,222,AVER,URYVL,electrical,7,2,8,"[np.int64(2), np.int64(3), np.int64(4), np.int64(5), np.int64(6), np.int64(7), np.int64(8)]"
52,5,AVHL,ADFR,chemical,7,2,8,"[np.int64(2), np.int64(3), np.int64(4), np.int64(5), np.int64(6), np.int64(7), np.int64(8)]"
60,20,AWAL,AIZL,chemical,7,2,8,"[np.int64(2), np.int64(3), np.int64(4), np.int64(5), np.int64(6), np.int64(7), np.int64(8)]"
60,28,AWAL,ASEL,chemical,7,2,8,"[np.int64(2), np.int64(3), np.int64(4), np.int64(5), np.int64(6), np.int64(7), np.int64(8)]"
61,21,AWAR,AIZR,chemical,7,2,8,"[np.int64(2), np.int64(3), np.int64(4), np.int64(5), np.int64(6), np.int64(7), np.int64(8)]"
64,19,AWCL,AIYR,chemical,7,2,8,"[np.int64(2), np.int64(3), np.int64(4), np.int64(5), np.int64(6), np.int64(7), np.int64(8)]"
64,65,AWCL,AWCR,chemical,7,2,8,"[np.int64(2), np.int64(3), np.int64(4), np.int64(5), np.int64(6), np.int64(7), np.int64(8)]"
66,164,BAGL,RIGR,chemical,7,2,8,"[np.int64(2), np.int64(3), np.int64(4), np.int64(5), np.int64(6), np.int64(7), np.int64(8)]"
67,163,BAGR,RIGL,chemical,7,2,8,"[np.int64(2), np.int64(3), np.int64(4), np.int64(5), np.int64(6), np.int64(7), np.int64(8)]"
67,170,BAGR,RIR,electrical,7,2,8,"[np.int64(2), np.int64(3), np.int64(4), np.int64(5), np.int64(6), np.int64(7), np.int64(8)]"
103,138,CEPDL,OLQDL,chemical,7,2,8,"[np.int64(2), np.int64(3), np.int64(4), np.int64(5), np.int64(6), np.int64(7), np.int64(8)]"
104,48,CEPDR,AVEL,chemical,7,2,8,"[np.int64(2), np.int64(3), np.int64(4), np.int64(5), np.int64(6), np.int64(7), np.int64(8)]"
104,139,CEPDR,OLQDR,chemical,7,2,8,"[np.int64(2), np.int64(3), np.int64(4), np.int64(5), np.int64(6), np.int64(7), np.int64(8)]"
104,179,CEPDR,RMDVR,chemical,7,2,8,"[np.int64(2), np.int64(3), np.int64(4), np.int64(5), np.int64(6), np.int64(7), np.int64(8)]"
105,140,CEPVL,OLQVL,chemical,7,2,8,"[np.int64(2), np.int64(3), np.int64(4), np.int64(5), np.int64(6), np.int64(7), np.int64(8)]"
105,174,CEPVL,RMDDL,chemical,7,2,8,"[np.int64(2), np.int64(3), np.int64(4), np.int64(5), np.int64(6), np.int64(7), np.int64(8)]"
106,175,CEPVR,RMDDR,chemical,7,2,8,"[np.int64(2), np.int64(3), np.int64(4), np.int64(5), np.int64(6), np.int64(7), np.int64(8)]"
112,20,DVA,AIZL,chemical,7,2,8,"[np.int64(2), np.int64(3), np.int64(4), np.int64(5), np.int64(6), np.int64(7), np.int64(8)]"
113,13,DVC,AIBR,chemical,7,2,8,"[np.int64(2), np.int64(3), np.int64(4), np.int64(5), np.int64(6), np.int64(7), np.int64(8)]"
113,157,DVC,RIBR,chemical,7,2,8,"[np.int64(2), np.int64(3), np.int64(4), np.int64(5), np.int64(6), np.int64(7), np.int64(8)]"
113,163,DVC,RIGL,chemical,7,2,8,"[np.int64(2), np.int64(3), np.int64(4), np.int64(5), np.int64(6), np.int64(7), np.int64(8)]"
113,164,DVC,RIGR,chemical,7,2,8,"[np.int64(2), np.int64(3), np.int64(4), np.int64(5), np.int64(6), np.int64(7), np.int64(8)]"
114,115,FLPL,FLPR,chemical,7,2,8,"[np.int64(2), np.int64(3), np.int64(4), np.int64(5), np.int64(6), np.int64(7), np.int64(8)]"
115,42,FLPR,AVAL,chemical,7,2,8,"[np.int64(2), np.int64(3), np.int64(4), np.int64(5), np.int64(6), np.int64(7), np.int64(8)]"
126,176,IL1L,RMDL,chemical,7,2,8,"[np.int64(2), np.int64(3), np.int64(4), np.int64(5), np.int64(6), np.int64(7), np.int64(8)]"
130,180,IL2DL,RMED,chemical,7,2,8,"[np.int64(2), np.int64(3), np.int64(4), np.int64(5), np.int64(6), np.int64(7), np.int64(8)]"
130,212,IL2DL,URADL,chemical,7,2,8,"[np.int64(2), np.int64(3), np.int64(4), np.int64(5), np.int64(6), np.int64(7), np.int64(8)]"
131,213,IL2DR,URADR,chemical,7,2,8,"[np.int64(2), np.int64(3), np.int64(4), np.int64(5), np.int64(6), np.int64(7), np.int64(8)]"
132,138,IL2L,OLQDL,chemical,7,2,8,"[np.int64(2), np.int64(3), np.int64(4), np.int64(5), np.int64(6), np.int64(7), np.int64(8)]"
132,186,IL2L,RMGL,electrical,7,2,8,"[np.int64(2), np.int64(3), np.int64(4), np.int64(5), np.int64(6), np.int64(7), np.int64(8)]"
132,218,IL2L,URXL,electrical,7,2,8,"[np.int64(2), np.int64(3), np.int64(4), np.int64(5), np.int64(6), np.int64(7), np.int64(8)]"
133,219,IL2R,URXR,electrical,7,2,8,"[np.int64(2), np.int64(3), np.int64(4), np.int64(5), np.int64(6), np.int64(7), np.int64(8)]"
135,215,IL2VR,URAVR,chemical,7,2,8,"[np.int64(2), np.int64(3), np.int64(4), np.int64(5), np.int64(6), np.int64(7), np.int64(8)]"
136,138,OLLL,OLQDL,electrical,7,2,8,"[np.int64(2), np.int64(3), np.int64(4), np.int64(5), np.int64(6), np.int64(7), np.int64(8)]"
136,178,OLLL,RMDVL,chemical,7,2,8,"[np.int64(2), np.int64(3), np.int64(4), np.int64(5), np.int64(6), np.int64(7), np.int64(8)]"
137,179,OLLR,RMDVR,chemical,7,2,8,"[np.int64(2), np.int64(3), np.int64(4), np.int64(5), np.int64(6), np.int64(7), np.int64(8)]"
138,132,OLQDL,IL2L,chemical,7,2,8,"[np.int64(2), np.int64(3), np.int64(4), np.int64(5), np.int64(6), np.int64(7), np.int64(8)]"
139,174,OLQDR,RMDDL,chemical,7,2,8,"[np.int64(2), np.int64(3), np.int64(4), np.int64(5), np.int64(6), np.int64(7), np.int64(8)]"
139,203,OLQDR,SIBVR,chemical,7,2,8,"[np.int64(2), np.int64(3), np.int64(4), np.int64(5), np.int64(6), np.int64(7), np.int64(8)]"
140,200,OLQVL,SIBDL,chemical,7,2,8,"[np.int64(2), np.int64(3), np.int64(4), np.int64(5), np.int64(6), np.int64(7), np.int64(8)]"
144,44,PVCL,AVBL,chemical,7,2,8,"[np.int64(2), np.int64(3), np.int64(4), np.int64(5), np.int64(6), np.int64(7), np.int64(8)]"
149,44,PVPR,AVBL,chemical,7,2,8,"[np.int64(2), np.int64(3), np.int64(4), np.int64(5), np.int64(6), np.int64(7), np.int64(8)]"
154,196,RIAL,SIADL,chemical,7,2,8,"[np.int64(2), np.int64(3), np.int64(4), np.int64(5), np.int64(6), np.int64(7), np.int64(8)]"
156,67,RIBL,BAGR,chemical,7,2,8,"[np.int64(2), np.int64(3), np.int64(4), np.int64(5), np.int64(6), np.int64(7), np.int64(8)]"
157,48,RIBR,AVEL,chemical,7,2,8,"[np.int64(2), np.int64(3), np.int64(4), np.int64(5), np.int64(6), np.int64(7), np.int64(8)]"
157,49,RIBR,AVER,chemical,7,2,8,"[np.int64(2), np.int64(3), np.int64(4), np.int64(5), np.int64(6), np.int64(7), np.int64(8)]"
157,210,RIBR,SMDVL,chemical,7,2,8,"[np.int64(2), np.int64(3), np.int64(4), np.int64(5), np.int64(6), np.int64(7), np.int64(8)]"
161,166,RIFL,RIML,chemical,7,2,8,"[np.int64(2), np.int64(3), np.int64(4), np.int64(5), np.int64(6), np.int64(7), np.int64(8)]"
162,167,RIFR,RIMR,chemical,7,2,8,"[np.int64(2), np.int64(3), np.int64(4), np.int64(5), np.int64(6), np.int64(7), np.int64(8)]"
164,49,RIGR,AVER,chemical,7,2,8,"[np.int64(2), np.int64(3), np.int64(4), np.int64(5), np.int64(6), np.int64(7), np.int64(8)]"
164,221,RIGR,URYDR,electrical,7,2,8,"[np.int64(2), np.int64(3), np.int64(4), np.int64(5), np.int64(6), np.int64(7), np.int64(8)]"
165,103,RIH,CEPDL,chemical,7,2,8,"[np.int64(2), np.int64(3), np.int64(4), np.int64(5), np.int64(6), np.int64(7), np.int64(8)]"
166,193,RIML,SAAVR,chemical,7,2,8,"[np.int64(2), np.int64(3), np.int64(4), np.int64(5), np.int64(6), np.int64(7), np.int64(8)]"
166,210,RIML,SMDVL,chemical,7,2,8,"[np.int64(2), np.int64(3), np.int64(4), np.int64(5), np.int64(6), np.int64(7), np.int64(8)]"
167,12,RIMR,AIBL,chemical,7,2,8,"[np.int64(2), np.int64(3), np.int64(4), np.int64(5), np.int64(6), np.int64(7), np.int64(8)]"
167,157,RIMR,RIBR,chemical,7,2,8,"[np.int64(2), np.int64(3), np.int64(4), np.int64(5), np.int64(6), np.int64(7), np.int64(8)]"
170,20,RIR,AIZL,chemical,7,2,8,"[np.int64(2), np.int64(3), np.int64(4), np.int64(5), np.int64(6), np.int64(7), np.int64(8)]"
171,166,RIS,RIML,chemical,7,2,8,"[np.int64(2), np.int64(3), np.int64(4), np.int64(5), np.int64(6), np.int64(7), np.int64(8)]"
171,167,RIS,RIMR,chemical,7,2,8,"[np.int64(2), np.int64(3), np.int64(4), np.int64(5), np.int64(6), np.int64(7), np.int64(8)]"
171,209,RIS,SMDDR,chemical,7,2,8,"[np.int64(2), np.int64(3), np.int64(4), np.int64(5), np.int64(6), np.int64(7), np.int64(8)]"
172,155,RIVL,RIAR,chemical,7,2,8,"[np.int64(2), np.int64(3), np.int64(4), np.int64(5), np.int64(6), np.int64(7), np.int64(8)]"
173,174,RIVR,RMDDL,chemical,7,2,8,"[np.int64(2), np.int64(3), np.int64(4), np.int64(5), np.int64(6), np.int64(7), np.int64(8)]"
174,81,RMDDL,BWM-DR04,chemical,7,2,8,"[np.int64(2), np.int64(3), np.int64(4), np.int64(5), np.int64(6), np.int64(7), np.int64(8)]"
174,190,RMDDL,SAADL,electrical,7,2,8,"[np.int64(2), np.int64(3), np.int64(4), np.int64(5), np.int64(6), np.int64(7), np.int64(8)]"
175,73,RMDDR,BWM-DL04,chemical,7,2,8,"[np.int64(2), np.int64(3), np.int64(4), np.int64(5), np.int64(6), np.int64(7), np.int64(8)]"
176,178,RMDL,RMDVL,electrical,7,2,8,"[np.int64(2), np.int64(3), np.int64(4), np.int64(5), np.int64(6), np.int64(7), np.int64(8)]"
177,89,RMDR,BWM-VL04,chemical,7,2,8,"[np.int64(2), np.int64(3), np.int64(4), np.int64(5), np.int64(6), np.int64(7), np.int64(8)]"
178,96,RMDVL,BWM-VR03,chemical,7,2,8,"[np.int64(2), np.int64(3), np.int64(4), np.int64(5), np.int64(6), np.int64(7), np.int64(8)]"
178,192,RMDVL,SAAVL,electrical,7,2,8,"[np.int64(2), np.int64(3), np.int64(4), np.int64(5), np.int64(6), np.int64(7), np.int64(8)]"
180,88,RMED,BWM-VL03,chemical,7,2,8,"[np.int64(2), np.int64(3), np.int64(4), np.int64(5), np.int64(6), np.int64(7), np.int64(8)]"
183,72,RMEV,BWM-DL03,chemical,7,2,8,"[np.int64(2), np.int64(3), np.int64(4), np.int64(5), np.int64(6), np.int64(7), np.int64(8)]"
183,80,RMEV,BWM-DR03,chemical,7,2,8,"[np.int64(2), np.int64(3), np.int64(4), np.int64(5), np.int64(6), np.int64(7), np.int64(8)]"
186,176,RMGL,RMDL,chemical,7,2,8,"[np.int64(2), np.int64(3), np.int64(4), np.int64(5), np.int64(6), np.int64(7), np.int64(8)]"
187,177,RMGR,RMDR,chemical,7,2,8,"[np.int64(2), np.int64(3), np.int64(4), np.int64(5), np.int64(6), np.int64(7), np.int64(8)]"
190,211,SAADL,SMDVR,chemical,7,2,8,"[np.int64(2), np.int64(3), np.int64(4), np.int64(5), np.int64(6), np.int64(7), np.int64(8)]"
192,209,SAAVL,SMDDR,chemical,7,2,8,"[np.int64(2), np.int64(3), np.int64(4), np.int64(5), np.int64(6), np.int64(7), np.int64(8)]"
204,79,SMBDL,BWM-DR02,chemical,7,2,8,"[np.int64(2), np.int64(3), np.int64(4), np.int64(5), np.int64(6), np.int64(7), np.int64(8)]"
204,81,SMBDL,BWM-DR04,chemical,7,2,8,"[np.int64(2), np.int64(3), np.int64(4), np.int64(5), np.int64(6), np.int64(7), np.int64(8)]"
205,74,SMBDR,BWM-DL05,chemical,7,2,8,"[np.int64(2), np.int64(3), np.int64(4), np.int64(5), np.int64(6), np.int64(7), np.int64(8)]"
207,95,SMBVR,BWM-VR02,chemical,7,2,8,"[np.int64(2), np.int64(3), np.int64(4), np.int64(5), np.int64(6), np.int64(7), np.int64(8)]"
220,175,URYDL,RMDDR,chemical,7,2,8,"[np.int64(2), np.int64(3), np.int64(4), np.int64(5), np.int64(6), np.int64(7), np.int64(8)]"
221,174,URYDR,RMDDL,chemical,7,2,8,"[np.int64(2), np.int64(3), np.int64(4), np.int64(5), np.int64(6), np.int64(7), np.int64(8)]"
221,179,URYDR,RMDVR,chemical,7,2,8,"[np.int64(2), np.int64(3), np.int64(4), np.int64(5), np.int64(6), np.int64(7), np.int64(8)]"
